"","X.RIC","Alias.Underlying.RIC","Domain","Date.Time","Type","Last","Volume"
"1","SPY",NA,"Market Price","2010-04-05T09:30:00.000000000-04","Intraday 1Min",118.3099,950100
"2","SPY",NA,"Market Price","2010-04-05T09:31:00.000000000-04","Intraday 1Min",118.239,828371
"3","SPY",NA,"Market Price","2010-04-05T09:32:00.000000000-04","Intraday 1Min",118.1,936649
"4","SPY",NA,"Market Price","2010-04-05T09:33:00.000000000-04","Intraday 1Min",118.0599,908818
"5","SPY",NA,"Market Price","2010-04-05T09:34:00.000000000-04","Intraday 1Min",118.01,757964
"6","SPY",NA,"Market Price","2010-04-05T09:35:00.000000000-04","Intraday 1Min",118.05,648383
"7","SPY",NA,"Market Price","2010-04-05T09:36:00.000000000-04","Intraday 1Min",118.009,896968
"8","SPY",NA,"Market Price","2010-04-05T09:37:00.000000000-04","Intraday 1Min",117.99,568352
"9","SPY",NA,"Market Price","2010-04-05T09:38:00.000000000-04","Intraday 1Min",117.97,729870
"10","SPY",NA,"Market Price","2010-04-05T09:39:00.000000000-04","Intraday 1Min",118.03,335705
"11","SPY",NA,"Market Price","2010-04-05T09:40:00.000000000-04","Intraday 1Min",118.09,799641
"12","SPY",NA,"Market Price","2010-04-05T09:41:00.000000000-04","Intraday 1Min",118.09,252629
"13","SPY",NA,"Market Price","2010-04-05T09:42:00.000000000-04","Intraday 1Min",118.14,886280
"14","SPY",NA,"Market Price","2010-04-05T09:43:00.000000000-04","Intraday 1Min",118.19,642192
"15","SPY",NA,"Market Price","2010-04-05T09:44:00.000000000-04","Intraday 1Min",118.25,759405
"16","SPY",NA,"Market Price","2010-04-05T09:45:00.000000000-04","Intraday 1Min",118.33,782086
"17","SPY",NA,"Market Price","2010-04-05T09:46:00.000000000-04","Intraday 1Min",118.31,813995
"18","SPY",NA,"Market Price","2010-04-05T09:47:00.000000000-04","Intraday 1Min",118.31,437729
"19","SPY",NA,"Market Price","2010-04-05T09:48:00.000000000-04","Intraday 1Min",118.33,253137
"20","SPY",NA,"Market Price","2010-04-05T09:49:00.000000000-04","Intraday 1Min",118.35,266411
"21","SPY",NA,"Market Price","2010-04-05T09:50:00.000000000-04","Intraday 1Min",118.39,390126
"22","SPY",NA,"Market Price","2010-04-05T09:51:00.000000000-04","Intraday 1Min",118.3901,195202
"23","SPY",NA,"Market Price","2010-04-05T09:52:00.000000000-04","Intraday 1Min",118.39,122373
"24","SPY",NA,"Market Price","2010-04-05T09:53:00.000000000-04","Intraday 1Min",118.3401,135040
"25","SPY",NA,"Market Price","2010-04-05T09:54:00.000000000-04","Intraday 1Min",118.38,125297
"26","SPY",NA,"Market Price","2010-04-05T09:55:00.000000000-04","Intraday 1Min",118.39,109535
"27","SPY",NA,"Market Price","2010-04-05T09:56:00.000000000-04","Intraday 1Min",118.37,173843
"28","SPY",NA,"Market Price","2010-04-05T09:57:00.000000000-04","Intraday 1Min",118.38,332494
"29","SPY",NA,"Market Price","2010-04-05T09:58:00.000000000-04","Intraday 1Min",118.34,266358
"30","SPY",NA,"Market Price","2010-04-05T09:59:00.000000000-04","Intraday 1Min",118.39,226579
"31","SPY",NA,"Market Price","2010-04-05T10:00:00.000000000-04","Intraday 1Min",118.37,1385255
"32","SPY",NA,"Market Price","2010-04-05T10:01:00.000000000-04","Intraday 1Min",118.33,553502
"33","SPY",NA,"Market Price","2010-04-05T10:02:00.000000000-04","Intraday 1Min",118.41,593672
"34","SPY",NA,"Market Price","2010-04-05T10:03:00.000000000-04","Intraday 1Min",118.43,147738
"35","SPY",NA,"Market Price","2010-04-05T10:04:00.000000000-04","Intraday 1Min",118.46,174198
"36","SPY",NA,"Market Price","2010-04-05T10:05:00.000000000-04","Intraday 1Min",118.44,452826
"37","SPY",NA,"Market Price","2010-04-05T10:06:00.000000000-04","Intraday 1Min",118.41,772405
"38","SPY",NA,"Market Price","2010-04-05T10:07:00.000000000-04","Intraday 1Min",118.4,381714
"39","SPY",NA,"Market Price","2010-04-05T10:08:00.000000000-04","Intraday 1Min",118.44,529387
"40","SPY",NA,"Market Price","2010-04-05T10:09:00.000000000-04","Intraday 1Min",118.45,294099
"41","SPY",NA,"Market Price","2010-04-05T10:10:00.000000000-04","Intraday 1Min",118.45,124472
"42","SPY",NA,"Market Price","2010-04-05T10:11:00.000000000-04","Intraday 1Min",118.53,772985
"43","SPY",NA,"Market Price","2010-04-05T10:12:00.000000000-04","Intraday 1Min",118.515,471954
"44","SPY",NA,"Market Price","2010-04-05T10:13:00.000000000-04","Intraday 1Min",118.5,447966
"45","SPY",NA,"Market Price","2010-04-05T10:14:00.000000000-04","Intraday 1Min",118.51,292322
"46","SPY",NA,"Market Price","2010-04-05T10:15:00.000000000-04","Intraday 1Min",118.5,95046
"47","SPY",NA,"Market Price","2010-04-05T10:16:00.000000000-04","Intraday 1Min",118.53,423826
"48","SPY",NA,"Market Price","2010-04-05T10:17:00.000000000-04","Intraday 1Min",118.5,224098
"49","SPY",NA,"Market Price","2010-04-05T10:18:00.000000000-04","Intraday 1Min",118.54,141941
"50","SPY",NA,"Market Price","2010-04-05T10:19:00.000000000-04","Intraday 1Min",118.5,219566
"51","SPY",NA,"Market Price","2010-04-05T10:20:00.000000000-04","Intraday 1Min",118.5,57050
"52","SPY",NA,"Market Price","2010-04-05T10:21:00.000000000-04","Intraday 1Min",118.56,256910
"53","SPY",NA,"Market Price","2010-04-05T10:22:00.000000000-04","Intraday 1Min",118.62,890430
"54","SPY",NA,"Market Price","2010-04-05T10:23:00.000000000-04","Intraday 1Min",118.61,5814213
"55","SPY",NA,"Market Price","2010-04-05T10:24:00.000000000-04","Intraday 1Min",118.59,463207
"56","SPY",NA,"Market Price","2010-04-05T10:25:00.000000000-04","Intraday 1Min",118.56,309257
"57","SPY",NA,"Market Price","2010-04-05T10:26:00.000000000-04","Intraday 1Min",118.53,180705
"58","SPY",NA,"Market Price","2010-04-05T10:27:00.000000000-04","Intraday 1Min",118.53,307075
"59","SPY",NA,"Market Price","2010-04-05T10:28:00.000000000-04","Intraday 1Min",118.54,289138
"60","SPY",NA,"Market Price","2010-04-05T10:29:00.000000000-04","Intraday 1Min",118.53,258467
"61","SPY",NA,"Market Price","2010-04-05T10:30:00.000000000-04","Intraday 1Min",118.53,264793
"62","SPY",NA,"Market Price","2010-04-05T10:31:00.000000000-04","Intraday 1Min",118.53,60430
"63","SPY",NA,"Market Price","2010-04-05T10:32:00.000000000-04","Intraday 1Min",118.52,214473
"64","SPY",NA,"Market Price","2010-04-05T10:33:00.000000000-04","Intraday 1Min",118.54,139642
"65","SPY",NA,"Market Price","2010-04-05T10:34:00.000000000-04","Intraday 1Min",118.58,169301
"66","SPY",NA,"Market Price","2010-04-05T10:35:00.000000000-04","Intraday 1Min",118.6099,219353
"67","SPY",NA,"Market Price","2010-04-05T10:36:00.000000000-04","Intraday 1Min",118.64,264348
"68","SPY",NA,"Market Price","2010-04-05T10:37:00.000000000-04","Intraday 1Min",118.72,878591
"69","SPY",NA,"Market Price","2010-04-05T10:38:00.000000000-04","Intraday 1Min",118.68,484935
"70","SPY",NA,"Market Price","2010-04-05T10:39:00.000000000-04","Intraday 1Min",118.66,350176
"71","SPY",NA,"Market Price","2010-04-05T10:40:00.000000000-04","Intraday 1Min",118.68,507003
"72","SPY",NA,"Market Price","2010-04-05T10:41:00.000000000-04","Intraday 1Min",118.68,90247
"73","SPY",NA,"Market Price","2010-04-05T10:42:00.000000000-04","Intraday 1Min",118.72,706827
"74","SPY",NA,"Market Price","2010-04-05T10:43:00.000000000-04","Intraday 1Min",118.73,466757
"75","SPY",NA,"Market Price","2010-04-05T10:44:00.000000000-04","Intraday 1Min",118.76,426500
"76","SPY",NA,"Market Price","2010-04-05T10:45:00.000000000-04","Intraday 1Min",118.75,157080
"77","SPY",NA,"Market Price","2010-04-05T10:46:00.000000000-04","Intraday 1Min",118.76,462734
"78","SPY",NA,"Market Price","2010-04-05T10:47:00.000000000-04","Intraday 1Min",118.81,623245
"79","SPY",NA,"Market Price","2010-04-05T10:48:00.000000000-04","Intraday 1Min",118.78,256224
"80","SPY",NA,"Market Price","2010-04-05T10:49:00.000000000-04","Intraday 1Min",118.77,240626
"81","SPY",NA,"Market Price","2010-04-05T10:50:00.000000000-04","Intraday 1Min",118.77,239697
"82","SPY",NA,"Market Price","2010-04-05T10:51:00.000000000-04","Intraday 1Min",118.78,172616
"83","SPY",NA,"Market Price","2010-04-05T10:52:00.000000000-04","Intraday 1Min",118.801,102764
"84","SPY",NA,"Market Price","2010-04-05T10:53:00.000000000-04","Intraday 1Min",118.805,267131
"85","SPY",NA,"Market Price","2010-04-05T10:54:00.000000000-04","Intraday 1Min",118.792,335774
"86","SPY",NA,"Market Price","2010-04-05T10:55:00.000000000-04","Intraday 1Min",118.79,305696
"87","SPY",NA,"Market Price","2010-04-05T10:56:00.000000000-04","Intraday 1Min",118.78,149826
"88","SPY",NA,"Market Price","2010-04-05T10:57:00.000000000-04","Intraday 1Min",118.7981,205143
"89","SPY",NA,"Market Price","2010-04-05T10:58:00.000000000-04","Intraday 1Min",118.78,231323
"90","SPY",NA,"Market Price","2010-04-05T10:59:00.000000000-04","Intraday 1Min",118.75,250154
"91","SPY",NA,"Market Price","2010-04-05T11:00:00.000000000-04","Intraday 1Min",118.71,286900
"92","SPY",NA,"Market Price","2010-04-05T11:01:00.000000000-04","Intraday 1Min",118.72,398266
"93","SPY",NA,"Market Price","2010-04-05T11:02:00.000000000-04","Intraday 1Min",118.72,827513
"94","SPY",NA,"Market Price","2010-04-05T11:03:00.000000000-04","Intraday 1Min",118.6699,306669
"95","SPY",NA,"Market Price","2010-04-05T11:04:00.000000000-04","Intraday 1Min",118.69,656046
"96","SPY",NA,"Market Price","2010-04-05T11:05:00.000000000-04","Intraday 1Min",118.72,332289
"97","SPY",NA,"Market Price","2010-04-05T11:06:00.000000000-04","Intraday 1Min",118.718,26472
"98","SPY",NA,"Market Price","2010-04-05T11:07:00.000000000-04","Intraday 1Min",118.72,174025
"99","SPY",NA,"Market Price","2010-04-05T11:08:00.000000000-04","Intraday 1Min",118.72,41716
"100","SPY",NA,"Market Price","2010-04-05T11:09:00.000000000-04","Intraday 1Min",118.72,133799
"101","SPY",NA,"Market Price","2010-04-05T11:10:00.000000000-04","Intraday 1Min",118.7394,34158
"102","SPY",NA,"Market Price","2010-04-05T11:11:00.000000000-04","Intraday 1Min",118.74,77599
"103","SPY",NA,"Market Price","2010-04-05T11:12:00.000000000-04","Intraday 1Min",118.7583,470816
"104","SPY",NA,"Market Price","2010-04-05T11:13:00.000000000-04","Intraday 1Min",118.749,117294
"105","SPY",NA,"Market Price","2010-04-05T11:14:00.000000000-04","Intraday 1Min",118.76,104044
"106","SPY",NA,"Market Price","2010-04-05T11:15:00.000000000-04","Intraday 1Min",118.76,68413
"107","SPY",NA,"Market Price","2010-04-05T11:16:00.000000000-04","Intraday 1Min",118.75,84023
"108","SPY",NA,"Market Price","2010-04-05T11:17:00.000000000-04","Intraday 1Min",118.73,90483
"109","SPY",NA,"Market Price","2010-04-05T11:18:00.000000000-04","Intraday 1Min",118.75,152283
"110","SPY",NA,"Market Price","2010-04-05T11:19:00.000000000-04","Intraday 1Min",118.76,47208
"111","SPY",NA,"Market Price","2010-04-05T11:20:00.000000000-04","Intraday 1Min",118.75,145207
"112","SPY",NA,"Market Price","2010-04-05T11:21:00.000000000-04","Intraday 1Min",118.8,525647
"113","SPY",NA,"Market Price","2010-04-05T11:22:00.000000000-04","Intraday 1Min",118.8,142304
"114","SPY",NA,"Market Price","2010-04-05T11:23:00.000000000-04","Intraday 1Min",118.800003,35870
"115","SPY",NA,"Market Price","2010-04-05T11:24:00.000000000-04","Intraday 1Min",118.78,176089
"116","SPY",NA,"Market Price","2010-04-05T11:25:00.000000000-04","Intraday 1Min",118.8,107792
"117","SPY",NA,"Market Price","2010-04-05T11:26:00.000000000-04","Intraday 1Min",118.79,77135
"118","SPY",NA,"Market Price","2010-04-05T11:27:00.000000000-04","Intraday 1Min",118.791,44024
"119","SPY",NA,"Market Price","2010-04-05T11:28:00.000000000-04","Intraday 1Min",118.79,104079
"120","SPY",NA,"Market Price","2010-04-05T11:29:00.000000000-04","Intraday 1Min",118.79,76514
"121","SPY",NA,"Market Price","2010-04-05T11:30:00.000000000-04","Intraday 1Min",118.77,523998
"122","SPY",NA,"Market Price","2010-04-05T11:31:00.000000000-04","Intraday 1Min",118.75,177742
"123","SPY",NA,"Market Price","2010-04-05T11:32:00.000000000-04","Intraday 1Min",118.73,256013
"124","SPY",NA,"Market Price","2010-04-05T11:33:00.000000000-04","Intraday 1Min",118.72,159513
"125","SPY",NA,"Market Price","2010-04-05T11:34:00.000000000-04","Intraday 1Min",118.7,111605
"126","SPY",NA,"Market Price","2010-04-05T11:35:00.000000000-04","Intraday 1Min",118.71,69197
"127","SPY",NA,"Market Price","2010-04-05T11:36:00.000000000-04","Intraday 1Min",118.698,98870
"128","SPY",NA,"Market Price","2010-04-05T11:37:00.000000000-04","Intraday 1Min",118.67,383604
"129","SPY",NA,"Market Price","2010-04-05T11:38:00.000000000-04","Intraday 1Min",118.67,179868
"130","SPY",NA,"Market Price","2010-04-05T11:39:00.000000000-04","Intraday 1Min",118.68,56301
"131","SPY",NA,"Market Price","2010-04-05T11:40:00.000000000-04","Intraday 1Min",118.69,49103
"132","SPY",NA,"Market Price","2010-04-05T11:41:00.000000000-04","Intraday 1Min",118.7,51384
"133","SPY",NA,"Market Price","2010-04-05T11:42:00.000000000-04","Intraday 1Min",118.7,88249
"134","SPY",NA,"Market Price","2010-04-05T11:43:00.000000000-04","Intraday 1Min",118.7,98831
"135","SPY",NA,"Market Price","2010-04-05T11:44:00.000000000-04","Intraday 1Min",118.7,27418
"136","SPY",NA,"Market Price","2010-04-05T11:45:00.000000000-04","Intraday 1Min",118.73,113233
"137","SPY",NA,"Market Price","2010-04-05T11:46:00.000000000-04","Intraday 1Min",118.73,117189
"138","SPY",NA,"Market Price","2010-04-05T11:47:00.000000000-04","Intraday 1Min",118.72,101754
"139","SPY",NA,"Market Price","2010-04-05T11:48:00.000000000-04","Intraday 1Min",118.72,79494
"140","SPY",NA,"Market Price","2010-04-05T11:49:00.000000000-04","Intraday 1Min",118.7599,93363
"141","SPY",NA,"Market Price","2010-04-05T11:50:00.000000000-04","Intraday 1Min",118.79,158732
"142","SPY",NA,"Market Price","2010-04-05T11:51:00.000000000-04","Intraday 1Min",118.78,104431
"143","SPY",NA,"Market Price","2010-04-05T11:52:00.000000000-04","Intraday 1Min",118.8,67313
"144","SPY",NA,"Market Price","2010-04-05T11:53:00.000000000-04","Intraday 1Min",118.81,77967
"145","SPY",NA,"Market Price","2010-04-05T11:54:00.000000000-04","Intraday 1Min",118.8,34207
"146","SPY",NA,"Market Price","2010-04-05T11:55:00.000000000-04","Intraday 1Min",118.8,86732
"147","SPY",NA,"Market Price","2010-04-05T11:56:00.000000000-04","Intraday 1Min",118.78,175595
"148","SPY",NA,"Market Price","2010-04-05T11:57:00.000000000-04","Intraday 1Min",118.78,47539
"149","SPY",NA,"Market Price","2010-04-05T11:58:00.000000000-04","Intraday 1Min",118.79,232860
"150","SPY",NA,"Market Price","2010-04-05T11:59:00.000000000-04","Intraday 1Min",118.78,160304
"151","SPY",NA,"Market Price","2010-04-05T12:00:00.000000000-04","Intraday 1Min",118.77,69411
"152","SPY",NA,"Market Price","2010-04-05T12:01:00.000000000-04","Intraday 1Min",118.75,67422
"153","SPY",NA,"Market Price","2010-04-05T12:02:00.000000000-04","Intraday 1Min",118.75,113128
"154","SPY",NA,"Market Price","2010-04-05T12:03:00.000000000-04","Intraday 1Min",118.75,48952
"155","SPY",NA,"Market Price","2010-04-05T12:04:00.000000000-04","Intraday 1Min",118.75,63376
"156","SPY",NA,"Market Price","2010-04-05T12:05:00.000000000-04","Intraday 1Min",118.7299,110548
"157","SPY",NA,"Market Price","2010-04-05T12:06:00.000000000-04","Intraday 1Min",118.7183,215171
"158","SPY",NA,"Market Price","2010-04-05T12:07:00.000000000-04","Intraday 1Min",118.75,132209
"159","SPY",NA,"Market Price","2010-04-05T12:08:00.000000000-04","Intraday 1Min",118.77,77131
"160","SPY",NA,"Market Price","2010-04-05T12:09:00.000000000-04","Intraday 1Min",118.78,159648
"161","SPY",NA,"Market Price","2010-04-05T12:10:00.000000000-04","Intraday 1Min",118.78,106906
"162","SPY",NA,"Market Price","2010-04-05T12:11:00.000000000-04","Intraday 1Min",118.8,54984
"163","SPY",NA,"Market Price","2010-04-05T12:12:00.000000000-04","Intraday 1Min",118.72,193182
"164","SPY",NA,"Market Price","2010-04-05T12:13:00.000000000-04","Intraday 1Min",118.72,304974
"165","SPY",NA,"Market Price","2010-04-05T12:14:00.000000000-04","Intraday 1Min",118.730003,67631
"166","SPY",NA,"Market Price","2010-04-05T12:15:00.000000000-04","Intraday 1Min",118.729,159899
"167","SPY",NA,"Market Price","2010-04-05T12:16:00.000000000-04","Intraday 1Min",118.71,47313
"168","SPY",NA,"Market Price","2010-04-05T12:17:00.000000000-04","Intraday 1Min",118.71,35646
"169","SPY",NA,"Market Price","2010-04-05T12:18:00.000000000-04","Intraday 1Min",118.72,34390
"170","SPY",NA,"Market Price","2010-04-05T12:19:00.000000000-04","Intraday 1Min",118.72,25704
"171","SPY",NA,"Market Price","2010-04-05T12:20:00.000000000-04","Intraday 1Min",118.759,128647
"172","SPY",NA,"Market Price","2010-04-05T12:21:00.000000000-04","Intraday 1Min",118.77,182188
"173","SPY",NA,"Market Price","2010-04-05T12:22:00.000000000-04","Intraday 1Min",118.7799,137753
"174","SPY",NA,"Market Price","2010-04-05T12:23:00.000000000-04","Intraday 1Min",118.77,32226
"175","SPY",NA,"Market Price","2010-04-05T12:24:00.000000000-04","Intraday 1Min",118.749,153680
"176","SPY",NA,"Market Price","2010-04-05T12:25:00.000000000-04","Intraday 1Min",118.75,119083
"177","SPY",NA,"Market Price","2010-04-05T12:26:00.000000000-04","Intraday 1Min",118.75,4625
"178","SPY",NA,"Market Price","2010-04-05T12:27:00.000000000-04","Intraday 1Min",118.74,59764
"179","SPY",NA,"Market Price","2010-04-05T12:28:00.000000000-04","Intraday 1Min",118.7353,108499
"180","SPY",NA,"Market Price","2010-04-05T12:29:00.000000000-04","Intraday 1Min",118.74,63253
"181","SPY",NA,"Market Price","2010-04-05T12:30:00.000000000-04","Intraday 1Min",118.75,13746
"182","SPY",NA,"Market Price","2010-04-05T12:31:00.000000000-04","Intraday 1Min",118.79,167326
"183","SPY",NA,"Market Price","2010-04-05T12:32:00.000000000-04","Intraday 1Min",118.8,158149
"184","SPY",NA,"Market Price","2010-04-05T12:33:00.000000000-04","Intraday 1Min",118.81,212054
"185","SPY",NA,"Market Price","2010-04-05T12:34:00.000000000-04","Intraday 1Min",118.8,155062
"186","SPY",NA,"Market Price","2010-04-05T12:35:00.000000000-04","Intraday 1Min",118.76,159299
"187","SPY",NA,"Market Price","2010-04-05T12:36:00.000000000-04","Intraday 1Min",118.760002,47147
"188","SPY",NA,"Market Price","2010-04-05T12:37:00.000000000-04","Intraday 1Min",118.76,46490
"189","SPY",NA,"Market Price","2010-04-05T12:38:00.000000000-04","Intraday 1Min",118.76,196260
"190","SPY",NA,"Market Price","2010-04-05T12:39:00.000000000-04","Intraday 1Min",118.73,141713
"191","SPY",NA,"Market Price","2010-04-05T12:40:00.000000000-04","Intraday 1Min",118.76,117047
"192","SPY",NA,"Market Price","2010-04-05T12:41:00.000000000-04","Intraday 1Min",118.755,95992
"193","SPY",NA,"Market Price","2010-04-05T12:42:00.000000000-04","Intraday 1Min",118.75,46080
"194","SPY",NA,"Market Price","2010-04-05T12:43:00.000000000-04","Intraday 1Min",118.74,142015
"195","SPY",NA,"Market Price","2010-04-05T12:44:00.000000000-04","Intraday 1Min",118.731,64513
"196","SPY",NA,"Market Price","2010-04-05T12:45:00.000000000-04","Intraday 1Min",118.73,218434
"197","SPY",NA,"Market Price","2010-04-05T12:46:00.000000000-04","Intraday 1Min",118.73,72248
"198","SPY",NA,"Market Price","2010-04-05T12:47:00.000000000-04","Intraday 1Min",118.73,14802
"199","SPY",NA,"Market Price","2010-04-05T12:48:00.000000000-04","Intraday 1Min",118.7,83061
"200","SPY",NA,"Market Price","2010-04-05T12:49:00.000000000-04","Intraday 1Min",118.71,159733
"201","SPY",NA,"Market Price","2010-04-05T12:50:00.000000000-04","Intraday 1Min",118.73,29043
"202","SPY",NA,"Market Price","2010-04-05T12:51:00.000000000-04","Intraday 1Min",118.73,26863
"203","SPY",NA,"Market Price","2010-04-05T12:52:00.000000000-04","Intraday 1Min",118.705002,76373
"204","SPY",NA,"Market Price","2010-04-05T12:53:00.000000000-04","Intraday 1Min",118.72,129624
"205","SPY",NA,"Market Price","2010-04-05T12:54:00.000000000-04","Intraday 1Min",118.749,112422
"206","SPY",NA,"Market Price","2010-04-05T12:55:00.000000000-04","Intraday 1Min",118.745003,18188
"207","SPY",NA,"Market Price","2010-04-05T12:56:00.000000000-04","Intraday 1Min",118.75,131193
"208","SPY",NA,"Market Price","2010-04-05T12:57:00.000000000-04","Intraday 1Min",118.745003,47103
"209","SPY",NA,"Market Price","2010-04-05T12:58:00.000000000-04","Intraday 1Min",118.72,27778
"210","SPY",NA,"Market Price","2010-04-05T12:59:00.000000000-04","Intraday 1Min",118.7101,86705
"211","SPY",NA,"Market Price","2010-04-05T13:00:00.000000000-04","Intraday 1Min",118.7104,65140
"212","SPY",NA,"Market Price","2010-04-05T13:01:00.000000000-04","Intraday 1Min",118.74,156710
"213","SPY",NA,"Market Price","2010-04-05T13:02:00.000000000-04","Intraday 1Min",118.76,116838
"214","SPY",NA,"Market Price","2010-04-05T13:03:00.000000000-04","Intraday 1Min",118.76,115242
"215","SPY",NA,"Market Price","2010-04-05T13:04:00.000000000-04","Intraday 1Min",118.745003,36162
"216","SPY",NA,"Market Price","2010-04-05T13:05:00.000000000-04","Intraday 1Min",118.7201,55657
"217","SPY",NA,"Market Price","2010-04-05T13:06:00.000000000-04","Intraday 1Min",118.724998,12420
"218","SPY",NA,"Market Price","2010-04-05T13:07:00.000000000-04","Intraday 1Min",118.66,216161
"219","SPY",NA,"Market Price","2010-04-05T13:08:00.000000000-04","Intraday 1Min",118.65,319681
"220","SPY",NA,"Market Price","2010-04-05T13:09:00.000000000-04","Intraday 1Min",118.66,264596
"221","SPY",NA,"Market Price","2010-04-05T13:10:00.000000000-04","Intraday 1Min",118.69,157764
"222","SPY",NA,"Market Price","2010-04-05T13:11:00.000000000-04","Intraday 1Min",118.66,193082
"223","SPY",NA,"Market Price","2010-04-05T13:12:00.000000000-04","Intraday 1Min",118.6717,135366
"224","SPY",NA,"Market Price","2010-04-05T13:13:00.000000000-04","Intraday 1Min",118.7,160355
"225","SPY",NA,"Market Price","2010-04-05T13:14:00.000000000-04","Intraday 1Min",118.72,241454
"226","SPY",NA,"Market Price","2010-04-05T13:15:00.000000000-04","Intraday 1Min",118.75,190342
"227","SPY",NA,"Market Price","2010-04-05T13:16:00.000000000-04","Intraday 1Min",118.74,64777
"228","SPY",NA,"Market Price","2010-04-05T13:17:00.000000000-04","Intraday 1Min",118.72,43555
"229","SPY",NA,"Market Price","2010-04-05T13:18:00.000000000-04","Intraday 1Min",118.74,22802
"230","SPY",NA,"Market Price","2010-04-05T13:19:00.000000000-04","Intraday 1Min",118.75,39048
"231","SPY",NA,"Market Price","2010-04-05T13:20:00.000000000-04","Intraday 1Min",118.72,119041
"232","SPY",NA,"Market Price","2010-04-05T13:21:00.000000000-04","Intraday 1Min",118.72,82366
"233","SPY",NA,"Market Price","2010-04-05T13:22:00.000000000-04","Intraday 1Min",118.72,22085
"234","SPY",NA,"Market Price","2010-04-05T13:23:00.000000000-04","Intraday 1Min",118.72,40609
"235","SPY",NA,"Market Price","2010-04-05T13:24:00.000000000-04","Intraday 1Min",118.72,10035
"236","SPY",NA,"Market Price","2010-04-05T13:25:00.000000000-04","Intraday 1Min",118.72,50330
"237","SPY",NA,"Market Price","2010-04-05T13:26:00.000000000-04","Intraday 1Min",118.72,40219
"238","SPY",NA,"Market Price","2010-04-05T13:27:00.000000000-04","Intraday 1Min",118.760002,363898
"239","SPY",NA,"Market Price","2010-04-05T13:28:00.000000000-04","Intraday 1Min",118.77,50583
"240","SPY",NA,"Market Price","2010-04-05T13:29:00.000000000-04","Intraday 1Min",118.76,46240
"241","SPY",NA,"Market Price","2010-04-05T13:30:00.000000000-04","Intraday 1Min",118.78,117134
"242","SPY",NA,"Market Price","2010-04-05T13:31:00.000000000-04","Intraday 1Min",118.77,35747
"243","SPY",NA,"Market Price","2010-04-05T13:32:00.000000000-04","Intraday 1Min",118.7725,69270
"244","SPY",NA,"Market Price","2010-04-05T13:33:00.000000000-04","Intraday 1Min",118.79,327585
"245","SPY",NA,"Market Price","2010-04-05T13:34:00.000000000-04","Intraday 1Min",118.7799,65045
"246","SPY",NA,"Market Price","2010-04-05T13:35:00.000000000-04","Intraday 1Min",118.745,618333
"247","SPY",NA,"Market Price","2010-04-05T13:36:00.000000000-04","Intraday 1Min",118.74,197370
"248","SPY",NA,"Market Price","2010-04-05T13:37:00.000000000-04","Intraday 1Min",118.67,302988
"249","SPY",NA,"Market Price","2010-04-05T13:38:00.000000000-04","Intraday 1Min",118.62,315034
"250","SPY",NA,"Market Price","2010-04-05T13:39:00.000000000-04","Intraday 1Min",118.63,196644
"251","SPY",NA,"Market Price","2010-04-05T13:40:00.000000000-04","Intraday 1Min",118.62,87478
"252","SPY",NA,"Market Price","2010-04-05T13:41:00.000000000-04","Intraday 1Min",118.67,272676
"253","SPY",NA,"Market Price","2010-04-05T13:42:00.000000000-04","Intraday 1Min",118.65,125250
"254","SPY",NA,"Market Price","2010-04-05T13:43:00.000000000-04","Intraday 1Min",118.63,74194
"255","SPY",NA,"Market Price","2010-04-05T13:44:00.000000000-04","Intraday 1Min",118.63,43424
"256","SPY",NA,"Market Price","2010-04-05T13:45:00.000000000-04","Intraday 1Min",118.62,224382
"257","SPY",NA,"Market Price","2010-04-05T13:46:00.000000000-04","Intraday 1Min",118.61,235787
"258","SPY",NA,"Market Price","2010-04-05T13:47:00.000000000-04","Intraday 1Min",118.58,255386
"259","SPY",NA,"Market Price","2010-04-05T13:48:00.000000000-04","Intraday 1Min",118.57,164417
"260","SPY",NA,"Market Price","2010-04-05T13:49:00.000000000-04","Intraday 1Min",118.57,112897
"261","SPY",NA,"Market Price","2010-04-05T13:50:00.000000000-04","Intraday 1Min",118.64,227753
"262","SPY",NA,"Market Price","2010-04-05T13:51:00.000000000-04","Intraday 1Min",118.6399,105383
"263","SPY",NA,"Market Price","2010-04-05T13:52:00.000000000-04","Intraday 1Min",118.64,62302
"264","SPY",NA,"Market Price","2010-04-05T13:53:00.000000000-04","Intraday 1Min",118.63,71238
"265","SPY",NA,"Market Price","2010-04-05T13:54:00.000000000-04","Intraday 1Min",118.68,165807
"266","SPY",NA,"Market Price","2010-04-05T13:55:00.000000000-04","Intraday 1Min",118.6401,258008
"267","SPY",NA,"Market Price","2010-04-05T13:56:00.000000000-04","Intraday 1Min",118.64,186433
"268","SPY",NA,"Market Price","2010-04-05T13:57:00.000000000-04","Intraday 1Min",118.65,24401
"269","SPY",NA,"Market Price","2010-04-05T13:58:00.000000000-04","Intraday 1Min",118.64,57319
"270","SPY",NA,"Market Price","2010-04-05T13:59:00.000000000-04","Intraday 1Min",118.64,70535
"271","SPY",NA,"Market Price","2010-04-05T14:00:00.000000000-04","Intraday 1Min",118.63,235020
"272","SPY",NA,"Market Price","2010-04-05T14:01:00.000000000-04","Intraday 1Min",118.6499,189277
"273","SPY",NA,"Market Price","2010-04-05T14:02:00.000000000-04","Intraday 1Min",118.63,46159
"274","SPY",NA,"Market Price","2010-04-05T14:03:00.000000000-04","Intraday 1Min",118.63,134567
"275","SPY",NA,"Market Price","2010-04-05T14:04:00.000000000-04","Intraday 1Min",118.63,66613
"276","SPY",NA,"Market Price","2010-04-05T14:05:00.000000000-04","Intraday 1Min",118.66,207335
"277","SPY",NA,"Market Price","2010-04-05T14:06:00.000000000-04","Intraday 1Min",118.67,110155
"278","SPY",NA,"Market Price","2010-04-05T14:07:00.000000000-04","Intraday 1Min",118.67,154000
"279","SPY",NA,"Market Price","2010-04-05T14:08:00.000000000-04","Intraday 1Min",118.67,53846
"280","SPY",NA,"Market Price","2010-04-05T14:09:00.000000000-04","Intraday 1Min",118.6601,46707
"281","SPY",NA,"Market Price","2010-04-05T14:10:00.000000000-04","Intraday 1Min",118.66,77048
"282","SPY",NA,"Market Price","2010-04-05T14:11:00.000000000-04","Intraday 1Min",118.654999,28128
"283","SPY",NA,"Market Price","2010-04-05T14:12:00.000000000-04","Intraday 1Min",118.62,99855
"284","SPY",NA,"Market Price","2010-04-05T14:13:00.000000000-04","Intraday 1Min",118.64,79443
"285","SPY",NA,"Market Price","2010-04-05T14:14:00.000000000-04","Intraday 1Min",118.64,44638
"286","SPY",NA,"Market Price","2010-04-05T14:15:00.000000000-04","Intraday 1Min",118.6299,34870
"287","SPY",NA,"Market Price","2010-04-05T14:16:00.000000000-04","Intraday 1Min",118.59,73003
"288","SPY",NA,"Market Price","2010-04-05T14:17:00.000000000-04","Intraday 1Min",118.67,192828
"289","SPY",NA,"Market Price","2010-04-05T14:18:00.000000000-04","Intraday 1Min",118.67,87871
"290","SPY",NA,"Market Price","2010-04-05T14:19:00.000000000-04","Intraday 1Min",118.6799,98467
"291","SPY",NA,"Market Price","2010-04-05T14:20:00.000000000-04","Intraday 1Min",118.65,46933
"292","SPY",NA,"Market Price","2010-04-05T14:21:00.000000000-04","Intraday 1Min",118.65,109158
"293","SPY",NA,"Market Price","2010-04-05T14:22:00.000000000-04","Intraday 1Min",118.64,61941
"294","SPY",NA,"Market Price","2010-04-05T14:23:00.000000000-04","Intraday 1Min",118.6999,172789
"295","SPY",NA,"Market Price","2010-04-05T14:24:00.000000000-04","Intraday 1Min",118.7,243259
"296","SPY",NA,"Market Price","2010-04-05T14:25:00.000000000-04","Intraday 1Min",118.7,176911
"297","SPY",NA,"Market Price","2010-04-05T14:26:00.000000000-04","Intraday 1Min",118.71,50667
"298","SPY",NA,"Market Price","2010-04-05T14:27:00.000000000-04","Intraday 1Min",118.73,152375
"299","SPY",NA,"Market Price","2010-04-05T14:28:00.000000000-04","Intraday 1Min",118.73,90866
"300","SPY",NA,"Market Price","2010-04-05T14:29:00.000000000-04","Intraday 1Min",118.7101,162759
"301","SPY",NA,"Market Price","2010-04-05T14:30:00.000000000-04","Intraday 1Min",118.7,172978
"302","SPY",NA,"Market Price","2010-04-05T14:31:00.000000000-04","Intraday 1Min",118.695,143216
"303","SPY",NA,"Market Price","2010-04-05T14:32:00.000000000-04","Intraday 1Min",118.715,182482
"304","SPY",NA,"Market Price","2010-04-05T14:33:00.000000000-04","Intraday 1Min",118.75,255101
"305","SPY",NA,"Market Price","2010-04-05T14:34:00.000000000-04","Intraday 1Min",118.74,49426
"306","SPY",NA,"Market Price","2010-04-05T14:35:00.000000000-04","Intraday 1Min",118.76,96338
"307","SPY",NA,"Market Price","2010-04-05T14:36:00.000000000-04","Intraday 1Min",118.75,117451
"308","SPY",NA,"Market Price","2010-04-05T14:37:00.000000000-04","Intraday 1Min",118.73,73865
"309","SPY",NA,"Market Price","2010-04-05T14:38:00.000000000-04","Intraday 1Min",118.7,252117
"310","SPY",NA,"Market Price","2010-04-05T14:39:00.000000000-04","Intraday 1Min",118.75,230620
"311","SPY",NA,"Market Price","2010-04-05T14:40:00.000000000-04","Intraday 1Min",118.79,218091
"312","SPY",NA,"Market Price","2010-04-05T14:41:00.000000000-04","Intraday 1Min",118.8,149861
"313","SPY",NA,"Market Price","2010-04-05T14:42:00.000000000-04","Intraday 1Min",118.84,364768
"314","SPY",NA,"Market Price","2010-04-05T14:43:00.000000000-04","Intraday 1Min",118.8,204503
"315","SPY",NA,"Market Price","2010-04-05T14:44:00.000000000-04","Intraday 1Min",118.7999,27123
"316","SPY",NA,"Market Price","2010-04-05T14:45:00.000000000-04","Intraday 1Min",118.7962,162699
"317","SPY",NA,"Market Price","2010-04-05T14:46:00.000000000-04","Intraday 1Min",118.8195,138832
"318","SPY",NA,"Market Price","2010-04-05T14:47:00.000000000-04","Intraday 1Min",118.8283,321632
"319","SPY",NA,"Market Price","2010-04-05T14:48:00.000000000-04","Intraday 1Min",118.82,76314
"320","SPY",NA,"Market Price","2010-04-05T14:49:00.000000000-04","Intraday 1Min",118.819,48715
"321","SPY",NA,"Market Price","2010-04-05T14:50:00.000000000-04","Intraday 1Min",118.81,163672
"322","SPY",NA,"Market Price","2010-04-05T14:51:00.000000000-04","Intraday 1Min",118.78,401619
"323","SPY",NA,"Market Price","2010-04-05T14:52:00.000000000-04","Intraday 1Min",118.8,394998
"324","SPY",NA,"Market Price","2010-04-05T14:53:00.000000000-04","Intraday 1Min",118.8,86366
"325","SPY",NA,"Market Price","2010-04-05T14:54:00.000000000-04","Intraday 1Min",118.8,185340
"326","SPY",NA,"Market Price","2010-04-05T14:55:00.000000000-04","Intraday 1Min",118.78,168334
"327","SPY",NA,"Market Price","2010-04-05T14:56:00.000000000-04","Intraday 1Min",118.75,241670
"328","SPY",NA,"Market Price","2010-04-05T14:57:00.000000000-04","Intraday 1Min",118.73,120344
"329","SPY",NA,"Market Price","2010-04-05T14:58:00.000000000-04","Intraday 1Min",118.68,573393
"330","SPY",NA,"Market Price","2010-04-05T14:59:00.000000000-04","Intraday 1Min",118.6799,491707
"331","SPY",NA,"Market Price","2010-04-05T15:00:00.000000000-04","Intraday 1Min",118.67,202721
"332","SPY",NA,"Market Price","2010-04-05T15:01:00.000000000-04","Intraday 1Min",118.6817,75998
"333","SPY",NA,"Market Price","2010-04-05T15:02:00.000000000-04","Intraday 1Min",118.69,313449
"334","SPY",NA,"Market Price","2010-04-05T15:03:00.000000000-04","Intraday 1Min",118.6878,298713
"335","SPY",NA,"Market Price","2010-04-05T15:04:00.000000000-04","Intraday 1Min",118.71,378383
"336","SPY",NA,"Market Price","2010-04-05T15:05:00.000000000-04","Intraday 1Min",118.72,243486
"337","SPY",NA,"Market Price","2010-04-05T15:06:00.000000000-04","Intraday 1Min",118.68,238600
"338","SPY",NA,"Market Price","2010-04-05T15:07:00.000000000-04","Intraday 1Min",118.64,424710
"339","SPY",NA,"Market Price","2010-04-05T15:08:00.000000000-04","Intraday 1Min",118.65,176356
"340","SPY",NA,"Market Price","2010-04-05T15:09:00.000000000-04","Intraday 1Min",118.63,109521
"341","SPY",NA,"Market Price","2010-04-05T15:10:00.000000000-04","Intraday 1Min",118.64,276641
"342","SPY",NA,"Market Price","2010-04-05T15:11:00.000000000-04","Intraday 1Min",118.64,91415
"343","SPY",NA,"Market Price","2010-04-05T15:12:00.000000000-04","Intraday 1Min",118.67,410270
"344","SPY",NA,"Market Price","2010-04-05T15:13:00.000000000-04","Intraday 1Min",118.71,206544
"345","SPY",NA,"Market Price","2010-04-05T15:14:00.000000000-04","Intraday 1Min",118.7072,45336
"346","SPY",NA,"Market Price","2010-04-05T15:15:00.000000000-04","Intraday 1Min",118.705,27878
"347","SPY",NA,"Market Price","2010-04-05T15:16:00.000000000-04","Intraday 1Min",118.67,318520
"348","SPY",NA,"Market Price","2010-04-05T15:17:00.000000000-04","Intraday 1Min",118.71,362094
"349","SPY",NA,"Market Price","2010-04-05T15:18:00.000000000-04","Intraday 1Min",118.7,53800
"350","SPY",NA,"Market Price","2010-04-05T15:19:00.000000000-04","Intraday 1Min",118.6978,103878
"351","SPY",NA,"Market Price","2010-04-05T15:20:00.000000000-04","Intraday 1Min",118.7,47277
"352","SPY",NA,"Market Price","2010-04-05T15:21:00.000000000-04","Intraday 1Min",118.72,225633
"353","SPY",NA,"Market Price","2010-04-05T15:22:00.000000000-04","Intraday 1Min",118.745,264253
"354","SPY",NA,"Market Price","2010-04-05T15:23:00.000000000-04","Intraday 1Min",118.73,194445
"355","SPY",NA,"Market Price","2010-04-05T15:24:00.000000000-04","Intraday 1Min",118.75,250090
"356","SPY",NA,"Market Price","2010-04-05T15:25:00.000000000-04","Intraday 1Min",118.72,145477
"357","SPY",NA,"Market Price","2010-04-05T15:26:00.000000000-04","Intraday 1Min",118.77,400282
"358","SPY",NA,"Market Price","2010-04-05T15:27:00.000000000-04","Intraday 1Min",118.77,97204
"359","SPY",NA,"Market Price","2010-04-05T15:28:00.000000000-04","Intraday 1Min",118.77,263538
"360","SPY",NA,"Market Price","2010-04-05T15:29:00.000000000-04","Intraday 1Min",118.7099,377924
"361","SPY",NA,"Market Price","2010-04-05T15:30:00.000000000-04","Intraday 1Min",118.67,275856
"362","SPY",NA,"Market Price","2010-04-05T15:31:00.000000000-04","Intraday 1Min",118.63,557980
"363","SPY",NA,"Market Price","2010-04-05T15:32:00.000000000-04","Intraday 1Min",118.64,293894
"364","SPY",NA,"Market Price","2010-04-05T15:33:00.000000000-04","Intraday 1Min",118.64,108379
"365","SPY",NA,"Market Price","2010-04-05T15:34:00.000000000-04","Intraday 1Min",118.65,540438
"366","SPY",NA,"Market Price","2010-04-05T15:35:00.000000000-04","Intraday 1Min",118.645,294803
"367","SPY",NA,"Market Price","2010-04-05T15:36:00.000000000-04","Intraday 1Min",118.654999,341352
"368","SPY",NA,"Market Price","2010-04-05T15:37:00.000000000-04","Intraday 1Min",118.6599,254616
"369","SPY",NA,"Market Price","2010-04-05T15:38:00.000000000-04","Intraday 1Min",118.61,423512
"370","SPY",NA,"Market Price","2010-04-05T15:39:00.000000000-04","Intraday 1Min",118.585,546070
"371","SPY",NA,"Market Price","2010-04-05T15:40:00.000000000-04","Intraday 1Min",118.59,397497
"372","SPY",NA,"Market Price","2010-04-05T15:41:00.000000000-04","Intraday 1Min",118.62,331996
"373","SPY",NA,"Market Price","2010-04-05T15:42:00.000000000-04","Intraday 1Min",118.63,232662
"374","SPY",NA,"Market Price","2010-04-05T15:43:00.000000000-04","Intraday 1Min",118.605,303519
"375","SPY",NA,"Market Price","2010-04-05T15:44:00.000000000-04","Intraday 1Min",118.6,324058
"376","SPY",NA,"Market Price","2010-04-05T15:45:00.000000000-04","Intraday 1Min",118.67,563633
"377","SPY",NA,"Market Price","2010-04-05T15:46:00.000000000-04","Intraday 1Min",118.69,211570
"378","SPY",NA,"Market Price","2010-04-05T15:47:00.000000000-04","Intraday 1Min",118.69,401633
"379","SPY",NA,"Market Price","2010-04-05T15:48:00.000000000-04","Intraday 1Min",118.74,470830
"380","SPY",NA,"Market Price","2010-04-05T15:49:00.000000000-04","Intraday 1Min",118.728,811618
"381","SPY",NA,"Market Price","2010-04-05T15:50:00.000000000-04","Intraday 1Min",118.760002,407172
"382","SPY",NA,"Market Price","2010-04-05T15:51:00.000000000-04","Intraday 1Min",118.73,630615
"383","SPY",NA,"Market Price","2010-04-05T15:52:00.000000000-04","Intraday 1Min",118.72,387719
"384","SPY",NA,"Market Price","2010-04-05T15:53:00.000000000-04","Intraday 1Min",118.76,477187
"385","SPY",NA,"Market Price","2010-04-05T15:54:00.000000000-04","Intraday 1Min",118.755,269509
"386","SPY",NA,"Market Price","2010-04-05T15:55:00.000000000-04","Intraday 1Min",118.730003,537320
"387","SPY",NA,"Market Price","2010-04-05T15:56:00.000000000-04","Intraday 1Min",118.74,494284
"388","SPY",NA,"Market Price","2010-04-05T15:57:00.000000000-04","Intraday 1Min",118.75,714562
"389","SPY",NA,"Market Price","2010-04-05T15:58:00.000000000-04","Intraday 1Min",118.78,818386
"390","SPY",NA,"Market Price","2010-04-05T15:59:00.000000000-04","Intraday 1Min",118.78,1554618
