"","X.RIC","Alias.Underlying.RIC","Domain","Date.Time","Type","Last","Volume"
"1","SPY",NA,"Market Price","2010-04-26T09:30:00.000000000-04","Intraday 1Min",121.83,949065
"2","SPY",NA,"Market Price","2010-04-26T09:31:00.000000000-04","Intraday 1Min",121.8,585230
"3","SPY",NA,"Market Price","2010-04-26T09:32:00.000000000-04","Intraday 1Min",121.96,626286
"4","SPY",NA,"Market Price","2010-04-26T09:33:00.000000000-04","Intraday 1Min",121.98,550284
"5","SPY",NA,"Market Price","2010-04-26T09:34:00.000000000-04","Intraday 1Min",122,490595
"6","SPY",NA,"Market Price","2010-04-26T09:35:00.000000000-04","Intraday 1Min",121.95,1008203
"7","SPY",NA,"Market Price","2010-04-26T09:36:00.000000000-04","Intraday 1Min",121.94,506880
"8","SPY",NA,"Market Price","2010-04-26T09:37:00.000000000-04","Intraday 1Min",122,1048851
"9","SPY",NA,"Market Price","2010-04-26T09:38:00.000000000-04","Intraday 1Min",122.029999,900881
"10","SPY",NA,"Market Price","2010-04-26T09:39:00.000000000-04","Intraday 1Min",122.05,706920
"11","SPY",NA,"Market Price","2010-04-26T09:40:00.000000000-04","Intraday 1Min",122.0578,597003
"12","SPY",NA,"Market Price","2010-04-26T09:41:00.000000000-04","Intraday 1Min",122.09,420561
"13","SPY",NA,"Market Price","2010-04-26T09:42:00.000000000-04","Intraday 1Min",122.0199,616522
"14","SPY",NA,"Market Price","2010-04-26T09:43:00.000000000-04","Intraday 1Min",122.02,532577
"15","SPY",NA,"Market Price","2010-04-26T09:44:00.000000000-04","Intraday 1Min",121.95,818820
"16","SPY",NA,"Market Price","2010-04-26T09:45:00.000000000-04","Intraday 1Min",121.91,712932
"17","SPY",NA,"Market Price","2010-04-26T09:46:00.000000000-04","Intraday 1Min",121.87,651269
"18","SPY",NA,"Market Price","2010-04-26T09:47:00.000000000-04","Intraday 1Min",121.79,884619
"19","SPY",NA,"Market Price","2010-04-26T09:48:00.000000000-04","Intraday 1Min",121.73,551449
"20","SPY",NA,"Market Price","2010-04-26T09:49:00.000000000-04","Intraday 1Min",121.78,787025
"21","SPY",NA,"Market Price","2010-04-26T09:50:00.000000000-04","Intraday 1Min",121.8,477410
"22","SPY",NA,"Market Price","2010-04-26T09:51:00.000000000-04","Intraday 1Min",121.85,719207
"23","SPY",NA,"Market Price","2010-04-26T09:52:00.000000000-04","Intraday 1Min",121.84,647104
"24","SPY",NA,"Market Price","2010-04-26T09:53:00.000000000-04","Intraday 1Min",121.86,329998
"25","SPY",NA,"Market Price","2010-04-26T09:54:00.000000000-04","Intraday 1Min",121.92,550919
"26","SPY",NA,"Market Price","2010-04-26T09:55:00.000000000-04","Intraday 1Min",121.83,500836
"27","SPY",NA,"Market Price","2010-04-26T09:56:00.000000000-04","Intraday 1Min",121.81,698798
"28","SPY",NA,"Market Price","2010-04-26T09:57:00.000000000-04","Intraday 1Min",121.7501,582021
"29","SPY",NA,"Market Price","2010-04-26T09:58:00.000000000-04","Intraday 1Min",121.8,1345374
"30","SPY",NA,"Market Price","2010-04-26T09:59:00.000000000-04","Intraday 1Min",121.76,759359
"31","SPY",NA,"Market Price","2010-04-26T10:00:00.000000000-04","Intraday 1Min",121.76,250411
"32","SPY",NA,"Market Price","2010-04-26T10:01:00.000000000-04","Intraday 1Min",121.77,476872
"33","SPY",NA,"Market Price","2010-04-26T10:02:00.000000000-04","Intraday 1Min",121.8,431414
"34","SPY",NA,"Market Price","2010-04-26T10:03:00.000000000-04","Intraday 1Min",121.78,324950
"35","SPY",NA,"Market Price","2010-04-26T10:04:00.000000000-04","Intraday 1Min",121.86,1079650
"36","SPY",NA,"Market Price","2010-04-26T10:05:00.000000000-04","Intraday 1Min",121.87,776247
"37","SPY",NA,"Market Price","2010-04-26T10:06:00.000000000-04","Intraday 1Min",121.905,437371
"38","SPY",NA,"Market Price","2010-04-26T10:07:00.000000000-04","Intraday 1Min",121.95,462390
"39","SPY",NA,"Market Price","2010-04-26T10:08:00.000000000-04","Intraday 1Min",121.93,140429
"40","SPY",NA,"Market Price","2010-04-26T10:09:00.000000000-04","Intraday 1Min",121.92,180409
"41","SPY",NA,"Market Price","2010-04-26T10:10:00.000000000-04","Intraday 1Min",121.97,504336
"42","SPY",NA,"Market Price","2010-04-26T10:11:00.000000000-04","Intraday 1Min",121.92,273832
"43","SPY",NA,"Market Price","2010-04-26T10:12:00.000000000-04","Intraday 1Min",121.9,835941
"44","SPY",NA,"Market Price","2010-04-26T10:13:00.000000000-04","Intraday 1Min",121.92,221027
"45","SPY",NA,"Market Price","2010-04-26T10:14:00.000000000-04","Intraday 1Min",121.92,210163
"46","SPY",NA,"Market Price","2010-04-26T10:15:00.000000000-04","Intraday 1Min",121.94,304507
"47","SPY",NA,"Market Price","2010-04-26T10:16:00.000000000-04","Intraday 1Min",121.83,598781
"48","SPY",NA,"Market Price","2010-04-26T10:17:00.000000000-04","Intraday 1Min",121.76,1202788
"49","SPY",NA,"Market Price","2010-04-26T10:18:00.000000000-04","Intraday 1Min",121.7,1399570
"50","SPY",NA,"Market Price","2010-04-26T10:19:00.000000000-04","Intraday 1Min",121.66,1255108
"51","SPY",NA,"Market Price","2010-04-26T10:20:00.000000000-04","Intraday 1Min",121.65,519561
"52","SPY",NA,"Market Price","2010-04-26T10:21:00.000000000-04","Intraday 1Min",121.697,432830
"53","SPY",NA,"Market Price","2010-04-26T10:22:00.000000000-04","Intraday 1Min",121.81,362200
"54","SPY",NA,"Market Price","2010-04-26T10:23:00.000000000-04","Intraday 1Min",121.82,265536
"55","SPY",NA,"Market Price","2010-04-26T10:24:00.000000000-04","Intraday 1Min",121.79,296181
"56","SPY",NA,"Market Price","2010-04-26T10:25:00.000000000-04","Intraday 1Min",121.87,487478
"57","SPY",NA,"Market Price","2010-04-26T10:26:00.000000000-04","Intraday 1Min",121.83,180489
"58","SPY",NA,"Market Price","2010-04-26T10:27:00.000000000-04","Intraday 1Min",121.82,414677
"59","SPY",NA,"Market Price","2010-04-26T10:28:00.000000000-04","Intraday 1Min",121.8,332497
"60","SPY",NA,"Market Price","2010-04-26T10:29:00.000000000-04","Intraday 1Min",121.76,554648
"61","SPY",NA,"Market Price","2010-04-26T10:30:00.000000000-04","Intraday 1Min",121.74,952621
"62","SPY",NA,"Market Price","2010-04-26T10:31:00.000000000-04","Intraday 1Min",121.81,322254
"63","SPY",NA,"Market Price","2010-04-26T10:32:00.000000000-04","Intraday 1Min",121.82,1377810
"64","SPY",NA,"Market Price","2010-04-26T10:33:00.000000000-04","Intraday 1Min",121.8212,358139
"65","SPY",NA,"Market Price","2010-04-26T10:34:00.000000000-04","Intraday 1Min",121.79,190984
"66","SPY",NA,"Market Price","2010-04-26T10:35:00.000000000-04","Intraday 1Min",121.79,251848
"67","SPY",NA,"Market Price","2010-04-26T10:36:00.000000000-04","Intraday 1Min",121.81,469720
"68","SPY",NA,"Market Price","2010-04-26T10:37:00.000000000-04","Intraday 1Min",121.7,421768
"69","SPY",NA,"Market Price","2010-04-26T10:38:00.000000000-04","Intraday 1Min",121.71,582447
"70","SPY",NA,"Market Price","2010-04-26T10:39:00.000000000-04","Intraday 1Min",121.72,328327
"71","SPY",NA,"Market Price","2010-04-26T10:40:00.000000000-04","Intraday 1Min",121.71,462223
"72","SPY",NA,"Market Price","2010-04-26T10:41:00.000000000-04","Intraday 1Min",121.74,291733
"73","SPY",NA,"Market Price","2010-04-26T10:42:00.000000000-04","Intraday 1Min",121.82,672933
"74","SPY",NA,"Market Price","2010-04-26T10:43:00.000000000-04","Intraday 1Min",121.839,359523
"75","SPY",NA,"Market Price","2010-04-26T10:44:00.000000000-04","Intraday 1Min",121.84,221699
"76","SPY",NA,"Market Price","2010-04-26T10:45:00.000000000-04","Intraday 1Min",121.9119,789472
"77","SPY",NA,"Market Price","2010-04-26T10:46:00.000000000-04","Intraday 1Min",121.8601,172614
"78","SPY",NA,"Market Price","2010-04-26T10:47:00.000000000-04","Intraday 1Min",121.86,417245
"79","SPY",NA,"Market Price","2010-04-26T10:48:00.000000000-04","Intraday 1Min",121.879997,89189
"80","SPY",NA,"Market Price","2010-04-26T10:49:00.000000000-04","Intraday 1Min",121.83,464864
"81","SPY",NA,"Market Price","2010-04-26T10:50:00.000000000-04","Intraday 1Min",121.84,253254
"82","SPY",NA,"Market Price","2010-04-26T10:51:00.000000000-04","Intraday 1Min",121.88,181357
"83","SPY",NA,"Market Price","2010-04-26T10:52:00.000000000-04","Intraday 1Min",121.9,677846
"84","SPY",NA,"Market Price","2010-04-26T10:53:00.000000000-04","Intraday 1Min",121.91,460087
"85","SPY",NA,"Market Price","2010-04-26T10:54:00.000000000-04","Intraday 1Min",122,417157
"86","SPY",NA,"Market Price","2010-04-26T10:55:00.000000000-04","Intraday 1Min",122.029,341149
"87","SPY",NA,"Market Price","2010-04-26T10:56:00.000000000-04","Intraday 1Min",121.989,227650
"88","SPY",NA,"Market Price","2010-04-26T10:57:00.000000000-04","Intraday 1Min",121.98,270937
"89","SPY",NA,"Market Price","2010-04-26T10:58:00.000000000-04","Intraday 1Min",121.93,294964
"90","SPY",NA,"Market Price","2010-04-26T10:59:00.000000000-04","Intraday 1Min",121.965,382466
"91","SPY",NA,"Market Price","2010-04-26T11:00:00.000000000-04","Intraday 1Min",121.96,61798
"92","SPY",NA,"Market Price","2010-04-26T11:01:00.000000000-04","Intraday 1Min",121.93,267073
"93","SPY",NA,"Market Price","2010-04-26T11:02:00.000000000-04","Intraday 1Min",121.96,115958
"94","SPY",NA,"Market Price","2010-04-26T11:03:00.000000000-04","Intraday 1Min",122.03,216074
"95","SPY",NA,"Market Price","2010-04-26T11:04:00.000000000-04","Intraday 1Min",122.0399,321725
"96","SPY",NA,"Market Price","2010-04-26T11:05:00.000000000-04","Intraday 1Min",122.01,242897
"97","SPY",NA,"Market Price","2010-04-26T11:06:00.000000000-04","Intraday 1Min",122.06,568866
"98","SPY",NA,"Market Price","2010-04-26T11:07:00.000000000-04","Intraday 1Min",122.06,130839
"99","SPY",NA,"Market Price","2010-04-26T11:08:00.000000000-04","Intraday 1Min",122.04,81492
"100","SPY",NA,"Market Price","2010-04-26T11:09:00.000000000-04","Intraday 1Min",122.02,157016
"101","SPY",NA,"Market Price","2010-04-26T11:10:00.000000000-04","Intraday 1Min",122.01,85365
"102","SPY",NA,"Market Price","2010-04-26T11:11:00.000000000-04","Intraday 1Min",122.02,124602
"103","SPY",NA,"Market Price","2010-04-26T11:12:00.000000000-04","Intraday 1Min",122.08,310167
"104","SPY",NA,"Market Price","2010-04-26T11:13:00.000000000-04","Intraday 1Min",122.06,491308
"105","SPY",NA,"Market Price","2010-04-26T11:14:00.000000000-04","Intraday 1Min",122.12,317230
"106","SPY",NA,"Market Price","2010-04-26T11:15:00.000000000-04","Intraday 1Min",122.06,397308
"107","SPY",NA,"Market Price","2010-04-26T11:16:00.000000000-04","Intraday 1Min",122.1,530627
"108","SPY",NA,"Market Price","2010-04-26T11:17:00.000000000-04","Intraday 1Min",122.09,160961
"109","SPY",NA,"Market Price","2010-04-26T11:18:00.000000000-04","Intraday 1Min",122.05,132962
"110","SPY",NA,"Market Price","2010-04-26T11:19:00.000000000-04","Intraday 1Min",122.032,166708
"111","SPY",NA,"Market Price","2010-04-26T11:20:00.000000000-04","Intraday 1Min",122.04,34076
"112","SPY",NA,"Market Price","2010-04-26T11:21:00.000000000-04","Intraday 1Min",121.9801,319459
"113","SPY",NA,"Market Price","2010-04-26T11:22:00.000000000-04","Intraday 1Min",121.97,380983
"114","SPY",NA,"Market Price","2010-04-26T11:23:00.000000000-04","Intraday 1Min",121.98,107741
"115","SPY",NA,"Market Price","2010-04-26T11:24:00.000000000-04","Intraday 1Min",121.92,223351
"116","SPY",NA,"Market Price","2010-04-26T11:25:00.000000000-04","Intraday 1Min",121.96,265219
"117","SPY",NA,"Market Price","2010-04-26T11:26:00.000000000-04","Intraday 1Min",121.98,116846
"118","SPY",NA,"Market Price","2010-04-26T11:27:00.000000000-04","Intraday 1Min",121.97,34404
"119","SPY",NA,"Market Price","2010-04-26T11:28:00.000000000-04","Intraday 1Min",121.96,82589
"120","SPY",NA,"Market Price","2010-04-26T11:29:00.000000000-04","Intraday 1Min",121.94,111446
"121","SPY",NA,"Market Price","2010-04-26T11:30:00.000000000-04","Intraday 1Min",121.98,291713
"122","SPY",NA,"Market Price","2010-04-26T11:31:00.000000000-04","Intraday 1Min",121.9599,175499
"123","SPY",NA,"Market Price","2010-04-26T11:32:00.000000000-04","Intraday 1Min",121.92,98669
"124","SPY",NA,"Market Price","2010-04-26T11:33:00.000000000-04","Intraday 1Min",121.91,102436
"125","SPY",NA,"Market Price","2010-04-26T11:34:00.000000000-04","Intraday 1Min",121.86,365795
"126","SPY",NA,"Market Price","2010-04-26T11:35:00.000000000-04","Intraday 1Min",121.88,265195
"127","SPY",NA,"Market Price","2010-04-26T11:36:00.000000000-04","Intraday 1Min",121.88,248045
"128","SPY",NA,"Market Price","2010-04-26T11:37:00.000000000-04","Intraday 1Min",121.89,486706
"129","SPY",NA,"Market Price","2010-04-26T11:38:00.000000000-04","Intraday 1Min",121.91,98384
"130","SPY",NA,"Market Price","2010-04-26T11:39:00.000000000-04","Intraday 1Min",121.91,195697
"131","SPY",NA,"Market Price","2010-04-26T11:40:00.000000000-04","Intraday 1Min",121.9099,190984
"132","SPY",NA,"Market Price","2010-04-26T11:41:00.000000000-04","Intraday 1Min",121.91,156933
"133","SPY",NA,"Market Price","2010-04-26T11:42:00.000000000-04","Intraday 1Min",121.9,55818
"134","SPY",NA,"Market Price","2010-04-26T11:43:00.000000000-04","Intraday 1Min",121.910004,37806
"135","SPY",NA,"Market Price","2010-04-26T11:44:00.000000000-04","Intraday 1Min",121.9167,93787
"136","SPY",NA,"Market Price","2010-04-26T11:45:00.000000000-04","Intraday 1Min",121.86,195759
"137","SPY",NA,"Market Price","2010-04-26T11:46:00.000000000-04","Intraday 1Min",121.9001,127704
"138","SPY",NA,"Market Price","2010-04-26T11:47:00.000000000-04","Intraday 1Min",121.92,325209
"139","SPY",NA,"Market Price","2010-04-26T11:48:00.000000000-04","Intraday 1Min",121.95,191683
"140","SPY",NA,"Market Price","2010-04-26T11:49:00.000000000-04","Intraday 1Min",121.93,242052
"141","SPY",NA,"Market Price","2010-04-26T11:50:00.000000000-04","Intraday 1Min",121.8901,214216
"142","SPY",NA,"Market Price","2010-04-26T11:51:00.000000000-04","Intraday 1Min",121.87,103546
"143","SPY",NA,"Market Price","2010-04-26T11:52:00.000000000-04","Intraday 1Min",121.85,117574
"144","SPY",NA,"Market Price","2010-04-26T11:53:00.000000000-04","Intraday 1Min",121.8,868523
"145","SPY",NA,"Market Price","2010-04-26T11:54:00.000000000-04","Intraday 1Min",121.76,180239
"146","SPY",NA,"Market Price","2010-04-26T11:55:00.000000000-04","Intraday 1Min",121.79,360490
"147","SPY",NA,"Market Price","2010-04-26T11:56:00.000000000-04","Intraday 1Min",121.73,201109
"148","SPY",NA,"Market Price","2010-04-26T11:57:00.000000000-04","Intraday 1Min",121.77,358807
"149","SPY",NA,"Market Price","2010-04-26T11:58:00.000000000-04","Intraday 1Min",121.75,360935
"150","SPY",NA,"Market Price","2010-04-26T11:59:00.000000000-04","Intraday 1Min",121.75,193651
"151","SPY",NA,"Market Price","2010-04-26T12:00:00.000000000-04","Intraday 1Min",121.74,63909
"152","SPY",NA,"Market Price","2010-04-26T12:01:00.000000000-04","Intraday 1Min",121.74,148922
"153","SPY",NA,"Market Price","2010-04-26T12:02:00.000000000-04","Intraday 1Min",121.68,248114
"154","SPY",NA,"Market Price","2010-04-26T12:03:00.000000000-04","Intraday 1Min",121.66,322729
"155","SPY",NA,"Market Price","2010-04-26T12:04:00.000000000-04","Intraday 1Min",121.7,389149
"156","SPY",NA,"Market Price","2010-04-26T12:05:00.000000000-04","Intraday 1Min",121.7,153037
"157","SPY",NA,"Market Price","2010-04-26T12:06:00.000000000-04","Intraday 1Min",121.72,97504
"158","SPY",NA,"Market Price","2010-04-26T12:07:00.000000000-04","Intraday 1Min",121.74,210034
"159","SPY",NA,"Market Price","2010-04-26T12:08:00.000000000-04","Intraday 1Min",121.68,274797
"160","SPY",NA,"Market Price","2010-04-26T12:09:00.000000000-04","Intraday 1Min",121.69,119488
"161","SPY",NA,"Market Price","2010-04-26T12:10:00.000000000-04","Intraday 1Min",121.75,235312
"162","SPY",NA,"Market Price","2010-04-26T12:11:00.000000000-04","Intraday 1Min",121.83,542996
"163","SPY",NA,"Market Price","2010-04-26T12:12:00.000000000-04","Intraday 1Min",121.8,612289
"164","SPY",NA,"Market Price","2010-04-26T12:13:00.000000000-04","Intraday 1Min",121.82,80720
"165","SPY",NA,"Market Price","2010-04-26T12:14:00.000000000-04","Intraday 1Min",121.83,124284
"166","SPY",NA,"Market Price","2010-04-26T12:15:00.000000000-04","Intraday 1Min",121.7901,217748
"167","SPY",NA,"Market Price","2010-04-26T12:16:00.000000000-04","Intraday 1Min",121.78,29924
"168","SPY",NA,"Market Price","2010-04-26T12:17:00.000000000-04","Intraday 1Min",121.78,223373
"169","SPY",NA,"Market Price","2010-04-26T12:18:00.000000000-04","Intraday 1Min",121.82,681936
"170","SPY",NA,"Market Price","2010-04-26T12:19:00.000000000-04","Intraday 1Min",121.78,287261
"171","SPY",NA,"Market Price","2010-04-26T12:20:00.000000000-04","Intraday 1Min",121.7599,218993
"172","SPY",NA,"Market Price","2010-04-26T12:21:00.000000000-04","Intraday 1Min",121.71,442631
"173","SPY",NA,"Market Price","2010-04-26T12:22:00.000000000-04","Intraday 1Min",121.75,315016
"174","SPY",NA,"Market Price","2010-04-26T12:23:00.000000000-04","Intraday 1Min",121.69,194821
"175","SPY",NA,"Market Price","2010-04-26T12:24:00.000000000-04","Intraday 1Min",121.73,215364
"176","SPY",NA,"Market Price","2010-04-26T12:25:00.000000000-04","Intraday 1Min",121.68,153825
"177","SPY",NA,"Market Price","2010-04-26T12:26:00.000000000-04","Intraday 1Min",121.72,255559
"178","SPY",NA,"Market Price","2010-04-26T12:27:00.000000000-04","Intraday 1Min",121.69,64313
"179","SPY",NA,"Market Price","2010-04-26T12:28:00.000000000-04","Intraday 1Min",121.71,51206
"180","SPY",NA,"Market Price","2010-04-26T12:29:00.000000000-04","Intraday 1Min",121.72,86431
"181","SPY",NA,"Market Price","2010-04-26T12:30:00.000000000-04","Intraday 1Min",121.714996,222113
"182","SPY",NA,"Market Price","2010-04-26T12:31:00.000000000-04","Intraday 1Min",121.69,200517
"183","SPY",NA,"Market Price","2010-04-26T12:32:00.000000000-04","Intraday 1Min",121.72,105352
"184","SPY",NA,"Market Price","2010-04-26T12:33:00.000000000-04","Intraday 1Min",121.69,59891
"185","SPY",NA,"Market Price","2010-04-26T12:34:00.000000000-04","Intraday 1Min",121.76,359704
"186","SPY",NA,"Market Price","2010-04-26T12:35:00.000000000-04","Intraday 1Min",121.76,79268
"187","SPY",NA,"Market Price","2010-04-26T12:36:00.000000000-04","Intraday 1Min",121.8296,211510
"188","SPY",NA,"Market Price","2010-04-26T12:37:00.000000000-04","Intraday 1Min",121.81,347586
"189","SPY",NA,"Market Price","2010-04-26T12:38:00.000000000-04","Intraday 1Min",121.8195,260438
"190","SPY",NA,"Market Price","2010-04-26T12:39:00.000000000-04","Intraday 1Min",121.79,23666
"191","SPY",NA,"Market Price","2010-04-26T12:40:00.000000000-04","Intraday 1Min",121.7825,65193
"192","SPY",NA,"Market Price","2010-04-26T12:41:00.000000000-04","Intraday 1Min",121.78,79137
"193","SPY",NA,"Market Price","2010-04-26T12:42:00.000000000-04","Intraday 1Min",121.74,258030
"194","SPY",NA,"Market Price","2010-04-26T12:43:00.000000000-04","Intraday 1Min",121.77,132921
"195","SPY",NA,"Market Price","2010-04-26T12:44:00.000000000-04","Intraday 1Min",121.77,110375
"196","SPY",NA,"Market Price","2010-04-26T12:45:00.000000000-04","Intraday 1Min",121.73,178573
"197","SPY",NA,"Market Price","2010-04-26T12:46:00.000000000-04","Intraday 1Min",121.75,309245
"198","SPY",NA,"Market Price","2010-04-26T12:47:00.000000000-04","Intraday 1Min",121.75,117914
"199","SPY",NA,"Market Price","2010-04-26T12:48:00.000000000-04","Intraday 1Min",121.76,99451
"200","SPY",NA,"Market Price","2010-04-26T12:49:00.000000000-04","Intraday 1Min",121.7799,122119
"201","SPY",NA,"Market Price","2010-04-26T12:50:00.000000000-04","Intraday 1Min",121.73,142900
"202","SPY",NA,"Market Price","2010-04-26T12:51:00.000000000-04","Intraday 1Min",121.74,59551
"203","SPY",NA,"Market Price","2010-04-26T12:52:00.000000000-04","Intraday 1Min",121.71,70558
"204","SPY",NA,"Market Price","2010-04-26T12:53:00.000000000-04","Intraday 1Min",121.76,255871
"205","SPY",NA,"Market Price","2010-04-26T12:54:00.000000000-04","Intraday 1Min",121.74,177718
"206","SPY",NA,"Market Price","2010-04-26T12:55:00.000000000-04","Intraday 1Min",121.73,23882
"207","SPY",NA,"Market Price","2010-04-26T12:56:00.000000000-04","Intraday 1Min",121.7699,443589
"208","SPY",NA,"Market Price","2010-04-26T12:57:00.000000000-04","Intraday 1Min",121.77,360390
"209","SPY",NA,"Market Price","2010-04-26T12:58:00.000000000-04","Intraday 1Min",121.77,38805
"210","SPY",NA,"Market Price","2010-04-26T12:59:00.000000000-04","Intraday 1Min",121.82,272170
"211","SPY",NA,"Market Price","2010-04-26T13:00:00.000000000-04","Intraday 1Min",121.8199,255251
"212","SPY",NA,"Market Price","2010-04-26T13:01:00.000000000-04","Intraday 1Min",121.79,249728
"213","SPY",NA,"Market Price","2010-04-26T13:02:00.000000000-04","Intraday 1Min",121.83,287586
"214","SPY",NA,"Market Price","2010-04-26T13:03:00.000000000-04","Intraday 1Min",121.801,57147
"215","SPY",NA,"Market Price","2010-04-26T13:04:00.000000000-04","Intraday 1Min",121.79,82041
"216","SPY",NA,"Market Price","2010-04-26T13:05:00.000000000-04","Intraday 1Min",121.7974,91513
"217","SPY",NA,"Market Price","2010-04-26T13:06:00.000000000-04","Intraday 1Min",121.79,11024
"218","SPY",NA,"Market Price","2010-04-26T13:07:00.000000000-04","Intraday 1Min",121.785004,33123
"219","SPY",NA,"Market Price","2010-04-26T13:08:00.000000000-04","Intraday 1Min",121.77,99704
"220","SPY",NA,"Market Price","2010-04-26T13:09:00.000000000-04","Intraday 1Min",121.76,110659
"221","SPY",NA,"Market Price","2010-04-26T13:10:00.000000000-04","Intraday 1Min",121.82,534222
"222","SPY",NA,"Market Price","2010-04-26T13:11:00.000000000-04","Intraday 1Min",121.77,266982
"223","SPY",NA,"Market Price","2010-04-26T13:12:00.000000000-04","Intraday 1Min",121.7526,112382
"224","SPY",NA,"Market Price","2010-04-26T13:13:00.000000000-04","Intraday 1Min",121.78,343706
"225","SPY",NA,"Market Price","2010-04-26T13:14:00.000000000-04","Intraday 1Min",121.77,67699
"226","SPY",NA,"Market Price","2010-04-26T13:15:00.000000000-04","Intraday 1Min",121.79,35276
"227","SPY",NA,"Market Price","2010-04-26T13:16:00.000000000-04","Intraday 1Min",121.77,86894
"228","SPY",NA,"Market Price","2010-04-26T13:17:00.000000000-04","Intraday 1Min",121.7801,65461
"229","SPY",NA,"Market Price","2010-04-26T13:18:00.000000000-04","Intraday 1Min",121.8101,65477
"230","SPY",NA,"Market Price","2010-04-26T13:19:00.000000000-04","Intraday 1Min",121.83,168598
"231","SPY",NA,"Market Price","2010-04-26T13:20:00.000000000-04","Intraday 1Min",121.825,27527
"232","SPY",NA,"Market Price","2010-04-26T13:21:00.000000000-04","Intraday 1Min",121.8,61604
"233","SPY",NA,"Market Price","2010-04-26T13:22:00.000000000-04","Intraday 1Min",121.81,177832
"234","SPY",NA,"Market Price","2010-04-26T13:23:00.000000000-04","Intraday 1Min",121.84,70348
"235","SPY",NA,"Market Price","2010-04-26T13:24:00.000000000-04","Intraday 1Min",121.82,109832
"236","SPY",NA,"Market Price","2010-04-26T13:25:00.000000000-04","Intraday 1Min",121.8,40343
"237","SPY",NA,"Market Price","2010-04-26T13:26:00.000000000-04","Intraday 1Min",121.8,135833
"238","SPY",NA,"Market Price","2010-04-26T13:27:00.000000000-04","Intraday 1Min",121.77,75697
"239","SPY",NA,"Market Price","2010-04-26T13:28:00.000000000-04","Intraday 1Min",121.74,213744
"240","SPY",NA,"Market Price","2010-04-26T13:29:00.000000000-04","Intraday 1Min",121.7499,246808
"241","SPY",NA,"Market Price","2010-04-26T13:30:00.000000000-04","Intraday 1Min",121.74,249868
"242","SPY",NA,"Market Price","2010-04-26T13:31:00.000000000-04","Intraday 1Min",121.74,128305
"243","SPY",NA,"Market Price","2010-04-26T13:32:00.000000000-04","Intraday 1Min",121.74,99492
"244","SPY",NA,"Market Price","2010-04-26T13:33:00.000000000-04","Intraday 1Min",121.71,685281
"245","SPY",NA,"Market Price","2010-04-26T13:34:00.000000000-04","Intraday 1Min",121.67,634588
"246","SPY",NA,"Market Price","2010-04-26T13:35:00.000000000-04","Intraday 1Min",121.67,247914
"247","SPY",NA,"Market Price","2010-04-26T13:36:00.000000000-04","Intraday 1Min",121.6,650460
"248","SPY",NA,"Market Price","2010-04-26T13:37:00.000000000-04","Intraday 1Min",121.63,283290
"249","SPY",NA,"Market Price","2010-04-26T13:38:00.000000000-04","Intraday 1Min",121.6901,372511
"250","SPY",NA,"Market Price","2010-04-26T13:39:00.000000000-04","Intraday 1Min",121.67,340914
"251","SPY",NA,"Market Price","2010-04-26T13:40:00.000000000-04","Intraday 1Min",121.67,223073
"252","SPY",NA,"Market Price","2010-04-26T13:41:00.000000000-04","Intraday 1Min",121.67,74456
"253","SPY",NA,"Market Price","2010-04-26T13:42:00.000000000-04","Intraday 1Min",121.66,279030
"254","SPY",NA,"Market Price","2010-04-26T13:43:00.000000000-04","Intraday 1Min",121.7,419797
"255","SPY",NA,"Market Price","2010-04-26T13:44:00.000000000-04","Intraday 1Min",121.711,330190
"256","SPY",NA,"Market Price","2010-04-26T13:45:00.000000000-04","Intraday 1Min",121.72,331916
"257","SPY",NA,"Market Price","2010-04-26T13:46:00.000000000-04","Intraday 1Min",121.72,45672
"258","SPY",NA,"Market Price","2010-04-26T13:47:00.000000000-04","Intraday 1Min",121.7,55553
"259","SPY",NA,"Market Price","2010-04-26T13:48:00.000000000-04","Intraday 1Min",121.72,252958
"260","SPY",NA,"Market Price","2010-04-26T13:49:00.000000000-04","Intraday 1Min",121.7101,194686
"261","SPY",NA,"Market Price","2010-04-26T13:50:00.000000000-04","Intraday 1Min",121.71,301725
"262","SPY",NA,"Market Price","2010-04-26T13:51:00.000000000-04","Intraday 1Min",121.71,79970
"263","SPY",NA,"Market Price","2010-04-26T13:52:00.000000000-04","Intraday 1Min",121.68,53144
"264","SPY",NA,"Market Price","2010-04-26T13:53:00.000000000-04","Intraday 1Min",121.71,154685
"265","SPY",NA,"Market Price","2010-04-26T13:54:00.000000000-04","Intraday 1Min",121.68,153173
"266","SPY",NA,"Market Price","2010-04-26T13:55:00.000000000-04","Intraday 1Min",121.714996,267330
"267","SPY",NA,"Market Price","2010-04-26T13:56:00.000000000-04","Intraday 1Min",121.71,32035
"268","SPY",NA,"Market Price","2010-04-26T13:57:00.000000000-04","Intraday 1Min",121.74,91260
"269","SPY",NA,"Market Price","2010-04-26T13:58:00.000000000-04","Intraday 1Min",121.74,82658
"270","SPY",NA,"Market Price","2010-04-26T13:59:00.000000000-04","Intraday 1Min",121.69,379830
"271","SPY",NA,"Market Price","2010-04-26T14:00:00.000000000-04","Intraday 1Min",121.7,262807
"272","SPY",NA,"Market Price","2010-04-26T14:01:00.000000000-04","Intraday 1Min",121.7,91027
"273","SPY",NA,"Market Price","2010-04-26T14:02:00.000000000-04","Intraday 1Min",121.69,46122
"274","SPY",NA,"Market Price","2010-04-26T14:03:00.000000000-04","Intraday 1Min",121.63,361356
"275","SPY",NA,"Market Price","2010-04-26T14:04:00.000000000-04","Intraday 1Min",121.63,214403
"276","SPY",NA,"Market Price","2010-04-26T14:05:00.000000000-04","Intraday 1Min",121.66,496907
"277","SPY",NA,"Market Price","2010-04-26T14:06:00.000000000-04","Intraday 1Min",121.64,237550
"278","SPY",NA,"Market Price","2010-04-26T14:07:00.000000000-04","Intraday 1Min",121.67,209123
"279","SPY",NA,"Market Price","2010-04-26T14:08:00.000000000-04","Intraday 1Min",121.66,138609
"280","SPY",NA,"Market Price","2010-04-26T14:09:00.000000000-04","Intraday 1Min",121.65,288641
"281","SPY",NA,"Market Price","2010-04-26T14:10:00.000000000-04","Intraday 1Min",121.64,76218
"282","SPY",NA,"Market Price","2010-04-26T14:11:00.000000000-04","Intraday 1Min",121.65,579926
"283","SPY",NA,"Market Price","2010-04-26T14:12:00.000000000-04","Intraday 1Min",121.67,195653
"284","SPY",NA,"Market Price","2010-04-26T14:13:00.000000000-04","Intraday 1Min",121.68,164081
"285","SPY",NA,"Market Price","2010-04-26T14:14:00.000000000-04","Intraday 1Min",121.74,404300
"286","SPY",NA,"Market Price","2010-04-26T14:15:00.000000000-04","Intraday 1Min",121.79,373783
"287","SPY",NA,"Market Price","2010-04-26T14:16:00.000000000-04","Intraday 1Min",121.8,205603
"288","SPY",NA,"Market Price","2010-04-26T14:17:00.000000000-04","Intraday 1Min",121.785,165398
"289","SPY",NA,"Market Price","2010-04-26T14:18:00.000000000-04","Intraday 1Min",121.82,510557
"290","SPY",NA,"Market Price","2010-04-26T14:19:00.000000000-04","Intraday 1Min",121.805,380015
"291","SPY",NA,"Market Price","2010-04-26T14:20:00.000000000-04","Intraday 1Min",121.78,342981
"292","SPY",NA,"Market Price","2010-04-26T14:21:00.000000000-04","Intraday 1Min",121.78,614650
"293","SPY",NA,"Market Price","2010-04-26T14:22:00.000000000-04","Intraday 1Min",121.82,465235
"294","SPY",NA,"Market Price","2010-04-26T14:23:00.000000000-04","Intraday 1Min",121.81,58664
"295","SPY",NA,"Market Price","2010-04-26T14:24:00.000000000-04","Intraday 1Min",121.85,195231
"296","SPY",NA,"Market Price","2010-04-26T14:25:00.000000000-04","Intraday 1Min",121.83,345566
"297","SPY",NA,"Market Price","2010-04-26T14:26:00.000000000-04","Intraday 1Min",121.82,223300
"298","SPY",NA,"Market Price","2010-04-26T14:27:00.000000000-04","Intraday 1Min",121.86,291445
"299","SPY",NA,"Market Price","2010-04-26T14:28:00.000000000-04","Intraday 1Min",121.82,261950
"300","SPY",NA,"Market Price","2010-04-26T14:29:00.000000000-04","Intraday 1Min",121.85,82316
"301","SPY",NA,"Market Price","2010-04-26T14:30:00.000000000-04","Intraday 1Min",121.8101,104246
"302","SPY",NA,"Market Price","2010-04-26T14:31:00.000000000-04","Intraday 1Min",121.81,93050
"303","SPY",NA,"Market Price","2010-04-26T14:32:00.000000000-04","Intraday 1Min",121.82,56626
"304","SPY",NA,"Market Price","2010-04-26T14:33:00.000000000-04","Intraday 1Min",121.82,162852
"305","SPY",NA,"Market Price","2010-04-26T14:34:00.000000000-04","Intraday 1Min",121.81,125228
"306","SPY",NA,"Market Price","2010-04-26T14:35:00.000000000-04","Intraday 1Min",121.84,155311
"307","SPY",NA,"Market Price","2010-04-26T14:36:00.000000000-04","Intraday 1Min",121.81,83110
"308","SPY",NA,"Market Price","2010-04-26T14:37:00.000000000-04","Intraday 1Min",121.81,48368
"309","SPY",NA,"Market Price","2010-04-26T14:38:00.000000000-04","Intraday 1Min",121.81,37827
"310","SPY",NA,"Market Price","2010-04-26T14:39:00.000000000-04","Intraday 1Min",121.76,223522
"311","SPY",NA,"Market Price","2010-04-26T14:40:00.000000000-04","Intraday 1Min",121.75,250362
"312","SPY",NA,"Market Price","2010-04-26T14:41:00.000000000-04","Intraday 1Min",121.78,103269
"313","SPY",NA,"Market Price","2010-04-26T14:42:00.000000000-04","Intraday 1Min",121.745,173986
"314","SPY",NA,"Market Price","2010-04-26T14:43:00.000000000-04","Intraday 1Min",121.77,123472
"315","SPY",NA,"Market Price","2010-04-26T14:44:00.000000000-04","Intraday 1Min",121.77,68412
"316","SPY",NA,"Market Price","2010-04-26T14:45:00.000000000-04","Intraday 1Min",121.76,220140
"317","SPY",NA,"Market Price","2010-04-26T14:46:00.000000000-04","Intraday 1Min",121.78,357856
"318","SPY",NA,"Market Price","2010-04-26T14:47:00.000000000-04","Intraday 1Min",121.82,288557
"319","SPY",NA,"Market Price","2010-04-26T14:48:00.000000000-04","Intraday 1Min",121.7815,161805
"320","SPY",NA,"Market Price","2010-04-26T14:49:00.000000000-04","Intraday 1Min",121.81,266628
"321","SPY",NA,"Market Price","2010-04-26T14:50:00.000000000-04","Intraday 1Min",121.81,20225
"322","SPY",NA,"Market Price","2010-04-26T14:51:00.000000000-04","Intraday 1Min",121.81,184242
"323","SPY",NA,"Market Price","2010-04-26T14:52:00.000000000-04","Intraday 1Min",121.79,121762
"324","SPY",NA,"Market Price","2010-04-26T14:53:00.000000000-04","Intraday 1Min",121.8,125279
"325","SPY",NA,"Market Price","2010-04-26T14:54:00.000000000-04","Intraday 1Min",121.77,155560
"326","SPY",NA,"Market Price","2010-04-26T14:55:00.000000000-04","Intraday 1Min",121.71,192111
"327","SPY",NA,"Market Price","2010-04-26T14:56:00.000000000-04","Intraday 1Min",121.64,561200
"328","SPY",NA,"Market Price","2010-04-26T14:57:00.000000000-04","Intraday 1Min",121.64,461749
"329","SPY",NA,"Market Price","2010-04-26T14:58:00.000000000-04","Intraday 1Min",121.650002,128224
"330","SPY",NA,"Market Price","2010-04-26T14:59:00.000000000-04","Intraday 1Min",121.58,295023
"331","SPY",NA,"Market Price","2010-04-26T15:00:00.000000000-04","Intraday 1Min",121.6,322603
"332","SPY",NA,"Market Price","2010-04-26T15:01:00.000000000-04","Intraday 1Min",121.66,446090
"333","SPY",NA,"Market Price","2010-04-26T15:02:00.000000000-04","Intraday 1Min",121.62,392650
"334","SPY",NA,"Market Price","2010-04-26T15:03:00.000000000-04","Intraday 1Min",121.599998,535732
"335","SPY",NA,"Market Price","2010-04-26T15:04:00.000000000-04","Intraday 1Min",121.59,63819
"336","SPY",NA,"Market Price","2010-04-26T15:05:00.000000000-04","Intraday 1Min",121.599,178951
"337","SPY",NA,"Market Price","2010-04-26T15:06:00.000000000-04","Intraday 1Min",121.595,294716
"338","SPY",NA,"Market Price","2010-04-26T15:07:00.000000000-04","Intraday 1Min",121.63,327021
"339","SPY",NA,"Market Price","2010-04-26T15:08:00.000000000-04","Intraday 1Min",121.63,340677
"340","SPY",NA,"Market Price","2010-04-26T15:09:00.000000000-04","Intraday 1Min",121.565,452960
"341","SPY",NA,"Market Price","2010-04-26T15:10:00.000000000-04","Intraday 1Min",121.48,1251284
"342","SPY",NA,"Market Price","2010-04-26T15:11:00.000000000-04","Intraday 1Min",121.49,642442
"343","SPY",NA,"Market Price","2010-04-26T15:12:00.000000000-04","Intraday 1Min",121.42,396693
"344","SPY",NA,"Market Price","2010-04-26T15:13:00.000000000-04","Intraday 1Min",121.46,359975
"345","SPY",NA,"Market Price","2010-04-26T15:14:00.000000000-04","Intraday 1Min",121.3601,818830
"346","SPY",NA,"Market Price","2010-04-26T15:15:00.000000000-04","Intraday 1Min",121.34,799725
"347","SPY",NA,"Market Price","2010-04-26T15:16:00.000000000-04","Intraday 1Min",121.39,551499
"348","SPY",NA,"Market Price","2010-04-26T15:17:00.000000000-04","Intraday 1Min",121.4,429515
"349","SPY",NA,"Market Price","2010-04-26T15:18:00.000000000-04","Intraday 1Min",121.375,263697
"350","SPY",NA,"Market Price","2010-04-26T15:19:00.000000000-04","Intraday 1Min",121.34,605326
"351","SPY",NA,"Market Price","2010-04-26T15:20:00.000000000-04","Intraday 1Min",121.33,908975
"352","SPY",NA,"Market Price","2010-04-26T15:21:00.000000000-04","Intraday 1Min",121.25,542975
"353","SPY",NA,"Market Price","2010-04-26T15:22:00.000000000-04","Intraday 1Min",121.34,837257
"354","SPY",NA,"Market Price","2010-04-26T15:23:00.000000000-04","Intraday 1Min",121.33,508969
"355","SPY",NA,"Market Price","2010-04-26T15:24:00.000000000-04","Intraday 1Min",121.4,523587
"356","SPY",NA,"Market Price","2010-04-26T15:25:00.000000000-04","Intraday 1Min",121.42,330710
"357","SPY",NA,"Market Price","2010-04-26T15:26:00.000000000-04","Intraday 1Min",121.44,266827
"358","SPY",NA,"Market Price","2010-04-26T15:27:00.000000000-04","Intraday 1Min",121.41,409348
"359","SPY",NA,"Market Price","2010-04-26T15:28:00.000000000-04","Intraday 1Min",121.400002,166608
"360","SPY",NA,"Market Price","2010-04-26T15:29:00.000000000-04","Intraday 1Min",121.38,319301
"361","SPY",NA,"Market Price","2010-04-26T15:30:00.000000000-04","Intraday 1Min",121.48,459728
"362","SPY",NA,"Market Price","2010-04-26T15:31:00.000000000-04","Intraday 1Min",121.44,547279
"363","SPY",NA,"Market Price","2010-04-26T15:32:00.000000000-04","Intraday 1Min",121.47,99277
"364","SPY",NA,"Market Price","2010-04-26T15:33:00.000000000-04","Intraday 1Min",121.434998,290349
"365","SPY",NA,"Market Price","2010-04-26T15:34:00.000000000-04","Intraday 1Min",121.44,136866
"366","SPY",NA,"Market Price","2010-04-26T15:35:00.000000000-04","Intraday 1Min",121.51,620900
"367","SPY",NA,"Market Price","2010-04-26T15:36:00.000000000-04","Intraday 1Min",121.53,487833
"368","SPY",NA,"Market Price","2010-04-26T15:37:00.000000000-04","Intraday 1Min",121.5104,83039
"369","SPY",NA,"Market Price","2010-04-26T15:38:00.000000000-04","Intraday 1Min",121.48,355600
"370","SPY",NA,"Market Price","2010-04-26T15:39:00.000000000-04","Intraday 1Min",121.46,315370
"371","SPY",NA,"Market Price","2010-04-26T15:40:00.000000000-04","Intraday 1Min",121.4378,320350
"372","SPY",NA,"Market Price","2010-04-26T15:41:00.000000000-04","Intraday 1Min",121.42,234205
"373","SPY",NA,"Market Price","2010-04-26T15:42:00.000000000-04","Intraday 1Min",121.455,300934
"374","SPY",NA,"Market Price","2010-04-26T15:43:00.000000000-04","Intraday 1Min",121.505,463023
"375","SPY",NA,"Market Price","2010-04-26T15:44:00.000000000-04","Intraday 1Min",121.44,415683
"376","SPY",NA,"Market Price","2010-04-26T15:45:00.000000000-04","Intraday 1Min",121.36,625588
"377","SPY",NA,"Market Price","2010-04-26T15:46:00.000000000-04","Intraday 1Min",121.35,819384
"378","SPY",NA,"Market Price","2010-04-26T15:47:00.000000000-04","Intraday 1Min",121.37,543490
"379","SPY",NA,"Market Price","2010-04-26T15:48:00.000000000-04","Intraday 1Min",121.36,546336
"380","SPY",NA,"Market Price","2010-04-26T15:49:00.000000000-04","Intraday 1Min",121.37,170874
"381","SPY",NA,"Market Price","2010-04-26T15:50:00.000000000-04","Intraday 1Min",121.4,322517
"382","SPY",NA,"Market Price","2010-04-26T15:51:00.000000000-04","Intraday 1Min",121.46,362880
"383","SPY",NA,"Market Price","2010-04-26T15:52:00.000000000-04","Intraday 1Min",121.42,584219
"384","SPY",NA,"Market Price","2010-04-26T15:53:00.000000000-04","Intraday 1Min",121.3812,557013
"385","SPY",NA,"Market Price","2010-04-26T15:54:00.000000000-04","Intraday 1Min",121.4,461335
"386","SPY",NA,"Market Price","2010-04-26T15:55:00.000000000-04","Intraday 1Min",121.39,1334112
"387","SPY",NA,"Market Price","2010-04-26T15:56:00.000000000-04","Intraday 1Min",121.36,913987
"388","SPY",NA,"Market Price","2010-04-26T15:57:00.000000000-04","Intraday 1Min",121.33,1028336
"389","SPY",NA,"Market Price","2010-04-26T15:58:00.000000000-04","Intraday 1Min",121.32,1709905
"390","SPY",NA,"Market Price","2010-04-26T15:59:00.000000000-04","Intraday 1Min",121.34,1777926
