"","X.RIC","Alias.Underlying.RIC","Domain","Date.Time","Type","Last","Volume"
"1","SPY",NA,"Market Price","2010-05-03T09:30:00.000000000-04","Intraday 1Min",119.51,1423954
"2","SPY",NA,"Market Price","2010-05-03T09:31:00.000000000-04","Intraday 1Min",119.47,825925
"3","SPY",NA,"Market Price","2010-05-03T09:32:00.000000000-04","Intraday 1Min",119.51,560464
"4","SPY",NA,"Market Price","2010-05-03T09:33:00.000000000-04","Intraday 1Min",119.53,498377
"5","SPY",NA,"Market Price","2010-05-03T09:34:00.000000000-04","Intraday 1Min",119.5,578823
"6","SPY",NA,"Market Price","2010-05-03T09:35:00.000000000-04","Intraday 1Min",119.61,2079138
"7","SPY",NA,"Market Price","2010-05-03T09:36:00.000000000-04","Intraday 1Min",119.66,858886
"8","SPY",NA,"Market Price","2010-05-03T09:37:00.000000000-04","Intraday 1Min",119.68,352850
"9","SPY",NA,"Market Price","2010-05-03T09:38:00.000000000-04","Intraday 1Min",119.68,641862
"10","SPY",NA,"Market Price","2010-05-03T09:39:00.000000000-04","Intraday 1Min",119.66,886365
"11","SPY",NA,"Market Price","2010-05-03T09:40:00.000000000-04","Intraday 1Min",119.65,787582
"12","SPY",NA,"Market Price","2010-05-03T09:41:00.000000000-04","Intraday 1Min",119.59,686174
"13","SPY",NA,"Market Price","2010-05-03T09:42:00.000000000-04","Intraday 1Min",119.52,763627
"14","SPY",NA,"Market Price","2010-05-03T09:43:00.000000000-04","Intraday 1Min",119.49,576808
"15","SPY",NA,"Market Price","2010-05-03T09:44:00.000000000-04","Intraday 1Min",119.57,459505
"16","SPY",NA,"Market Price","2010-05-03T09:45:00.000000000-04","Intraday 1Min",119.595,316477
"17","SPY",NA,"Market Price","2010-05-03T09:46:00.000000000-04","Intraday 1Min",119.57,1096417
"18","SPY",NA,"Market Price","2010-05-03T09:47:00.000000000-04","Intraday 1Min",119.44,676726
"19","SPY",NA,"Market Price","2010-05-03T09:48:00.000000000-04","Intraday 1Min",119.53,579763
"20","SPY",NA,"Market Price","2010-05-03T09:49:00.000000000-04","Intraday 1Min",119.53,368139
"21","SPY",NA,"Market Price","2010-05-03T09:50:00.000000000-04","Intraday 1Min",119.545,183191
"22","SPY",NA,"Market Price","2010-05-03T09:51:00.000000000-04","Intraday 1Min",119.55,268211
"23","SPY",NA,"Market Price","2010-05-03T09:52:00.000000000-04","Intraday 1Min",119.605,674468
"24","SPY",NA,"Market Price","2010-05-03T09:53:00.000000000-04","Intraday 1Min",119.64,715890
"25","SPY",NA,"Market Price","2010-05-03T09:54:00.000000000-04","Intraday 1Min",119.689,417735
"26","SPY",NA,"Market Price","2010-05-03T09:55:00.000000000-04","Intraday 1Min",119.67,545110
"27","SPY",NA,"Market Price","2010-05-03T09:56:00.000000000-04","Intraday 1Min",119.68,232653
"28","SPY",NA,"Market Price","2010-05-03T09:57:00.000000000-04","Intraday 1Min",119.6701,332126
"29","SPY",NA,"Market Price","2010-05-03T09:58:00.000000000-04","Intraday 1Min",119.67,360479
"30","SPY",NA,"Market Price","2010-05-03T09:59:00.000000000-04","Intraday 1Min",119.6583,145072
"31","SPY",NA,"Market Price","2010-05-03T10:00:00.000000000-04","Intraday 1Min",119.58,801002
"32","SPY",NA,"Market Price","2010-05-03T10:01:00.000000000-04","Intraday 1Min",119.57,1422784
"33","SPY",NA,"Market Price","2010-05-03T10:02:00.000000000-04","Intraday 1Min",119.5,428890
"34","SPY",NA,"Market Price","2010-05-03T10:03:00.000000000-04","Intraday 1Min",119.48,692694
"35","SPY",NA,"Market Price","2010-05-03T10:04:00.000000000-04","Intraday 1Min",119.47,566255
"36","SPY",NA,"Market Price","2010-05-03T10:05:00.000000000-04","Intraday 1Min",119.48,735487
"37","SPY",NA,"Market Price","2010-05-03T10:06:00.000000000-04","Intraday 1Min",119.53,401949
"38","SPY",NA,"Market Price","2010-05-03T10:07:00.000000000-04","Intraday 1Min",119.65,693022
"39","SPY",NA,"Market Price","2010-05-03T10:08:00.000000000-04","Intraday 1Min",119.67,745019
"40","SPY",NA,"Market Price","2010-05-03T10:09:00.000000000-04","Intraday 1Min",119.69,163473
"41","SPY",NA,"Market Price","2010-05-03T10:10:00.000000000-04","Intraday 1Min",119.75,406716
"42","SPY",NA,"Market Price","2010-05-03T10:11:00.000000000-04","Intraday 1Min",119.73,788327
"43","SPY",NA,"Market Price","2010-05-03T10:12:00.000000000-04","Intraday 1Min",119.68,189195
"44","SPY",NA,"Market Price","2010-05-03T10:13:00.000000000-04","Intraday 1Min",119.73,383264
"45","SPY",NA,"Market Price","2010-05-03T10:14:00.000000000-04","Intraday 1Min",119.74,465028
"46","SPY",NA,"Market Price","2010-05-03T10:15:00.000000000-04","Intraday 1Min",119.74,514306
"47","SPY",NA,"Market Price","2010-05-03T10:16:00.000000000-04","Intraday 1Min",119.76,265934
"48","SPY",NA,"Market Price","2010-05-03T10:17:00.000000000-04","Intraday 1Min",119.68,311141
"49","SPY",NA,"Market Price","2010-05-03T10:18:00.000000000-04","Intraday 1Min",119.6905,142358
"50","SPY",NA,"Market Price","2010-05-03T10:19:00.000000000-04","Intraday 1Min",119.6922,92460
"51","SPY",NA,"Market Price","2010-05-03T10:20:00.000000000-04","Intraday 1Min",119.78,557337
"52","SPY",NA,"Market Price","2010-05-03T10:21:00.000000000-04","Intraday 1Min",119.75,454783
"53","SPY",NA,"Market Price","2010-05-03T10:22:00.000000000-04","Intraday 1Min",119.78,448894
"54","SPY",NA,"Market Price","2010-05-03T10:23:00.000000000-04","Intraday 1Min",119.78,909169
"55","SPY",NA,"Market Price","2010-05-03T10:24:00.000000000-04","Intraday 1Min",119.75,517331
"56","SPY",NA,"Market Price","2010-05-03T10:25:00.000000000-04","Intraday 1Min",119.75,604041
"57","SPY",NA,"Market Price","2010-05-03T10:26:00.000000000-04","Intraday 1Min",119.69,275008
"58","SPY",NA,"Market Price","2010-05-03T10:27:00.000000000-04","Intraday 1Min",119.67,1112083
"59","SPY",NA,"Market Price","2010-05-03T10:28:00.000000000-04","Intraday 1Min",119.68,132645
"60","SPY",NA,"Market Price","2010-05-03T10:29:00.000000000-04","Intraday 1Min",119.69,172060
"61","SPY",NA,"Market Price","2010-05-03T10:30:00.000000000-04","Intraday 1Min",119.63,133960
"62","SPY",NA,"Market Price","2010-05-03T10:31:00.000000000-04","Intraday 1Min",119.58,577622
"63","SPY",NA,"Market Price","2010-05-03T10:32:00.000000000-04","Intraday 1Min",119.56,356939
"64","SPY",NA,"Market Price","2010-05-03T10:33:00.000000000-04","Intraday 1Min",119.55,317036
"65","SPY",NA,"Market Price","2010-05-03T10:34:00.000000000-04","Intraday 1Min",119.5516,625320
"66","SPY",NA,"Market Price","2010-05-03T10:35:00.000000000-04","Intraday 1Min",119.58,370487
"67","SPY",NA,"Market Price","2010-05-03T10:36:00.000000000-04","Intraday 1Min",119.61,335504
"68","SPY",NA,"Market Price","2010-05-03T10:37:00.000000000-04","Intraday 1Min",119.52,647721
"69","SPY",NA,"Market Price","2010-05-03T10:38:00.000000000-04","Intraday 1Min",119.57,650706
"70","SPY",NA,"Market Price","2010-05-03T10:39:00.000000000-04","Intraday 1Min",119.6,424713
"71","SPY",NA,"Market Price","2010-05-03T10:40:00.000000000-04","Intraday 1Min",119.64,163372
"72","SPY",NA,"Market Price","2010-05-03T10:41:00.000000000-04","Intraday 1Min",119.65,299358
"73","SPY",NA,"Market Price","2010-05-03T10:42:00.000000000-04","Intraday 1Min",119.6399,201648
"74","SPY",NA,"Market Price","2010-05-03T10:43:00.000000000-04","Intraday 1Min",119.57,310865
"75","SPY",NA,"Market Price","2010-05-03T10:44:00.000000000-04","Intraday 1Min",119.63,314302
"76","SPY",NA,"Market Price","2010-05-03T10:45:00.000000000-04","Intraday 1Min",119.61,188806
"77","SPY",NA,"Market Price","2010-05-03T10:46:00.000000000-04","Intraday 1Min",119.49,675492
"78","SPY",NA,"Market Price","2010-05-03T10:47:00.000000000-04","Intraday 1Min",119.45,772161
"79","SPY",NA,"Market Price","2010-05-03T10:48:00.000000000-04","Intraday 1Min",119.49,449454
"80","SPY",NA,"Market Price","2010-05-03T10:49:00.000000000-04","Intraday 1Min",119.5,289200
"81","SPY",NA,"Market Price","2010-05-03T10:50:00.000000000-04","Intraday 1Min",119.5,320533
"82","SPY",NA,"Market Price","2010-05-03T10:51:00.000000000-04","Intraday 1Min",119.45,271439
"83","SPY",NA,"Market Price","2010-05-03T10:52:00.000000000-04","Intraday 1Min",119.34,725587
"84","SPY",NA,"Market Price","2010-05-03T10:53:00.000000000-04","Intraday 1Min",119.33,1093494
"85","SPY",NA,"Market Price","2010-05-03T10:54:00.000000000-04","Intraday 1Min",119.36,795939
"86","SPY",NA,"Market Price","2010-05-03T10:55:00.000000000-04","Intraday 1Min",119.37,492208
"87","SPY",NA,"Market Price","2010-05-03T10:56:00.000000000-04","Intraday 1Min",119.27,430373
"88","SPY",NA,"Market Price","2010-05-03T10:57:00.000000000-04","Intraday 1Min",119.28,614164
"89","SPY",NA,"Market Price","2010-05-03T10:58:00.000000000-04","Intraday 1Min",119.35,1041658
"90","SPY",NA,"Market Price","2010-05-03T10:59:00.000000000-04","Intraday 1Min",119.34,397028
"91","SPY",NA,"Market Price","2010-05-03T11:00:00.000000000-04","Intraday 1Min",119.35,327467
"92","SPY",NA,"Market Price","2010-05-03T11:01:00.000000000-04","Intraday 1Min",119.41,443686
"93","SPY",NA,"Market Price","2010-05-03T11:02:00.000000000-04","Intraday 1Min",119.39,212134
"94","SPY",NA,"Market Price","2010-05-03T11:03:00.000000000-04","Intraday 1Min",119.42,288066
"95","SPY",NA,"Market Price","2010-05-03T11:04:00.000000000-04","Intraday 1Min",119.41,223419
"96","SPY",NA,"Market Price","2010-05-03T11:05:00.000000000-04","Intraday 1Min",119.41,112070
"97","SPY",NA,"Market Price","2010-05-03T11:06:00.000000000-04","Intraday 1Min",119.4,89621
"98","SPY",NA,"Market Price","2010-05-03T11:07:00.000000000-04","Intraday 1Min",119.425,569257
"99","SPY",NA,"Market Price","2010-05-03T11:08:00.000000000-04","Intraday 1Min",119.4004,198256
"100","SPY",NA,"Market Price","2010-05-03T11:09:00.000000000-04","Intraday 1Min",119.36,112209
"101","SPY",NA,"Market Price","2010-05-03T11:10:00.000000000-04","Intraday 1Min",119.4199,235720
"102","SPY",NA,"Market Price","2010-05-03T11:11:00.000000000-04","Intraday 1Min",119.4,94694
"103","SPY",NA,"Market Price","2010-05-03T11:12:00.000000000-04","Intraday 1Min",119.4801,505966
"104","SPY",NA,"Market Price","2010-05-03T11:13:00.000000000-04","Intraday 1Min",119.45,397073
"105","SPY",NA,"Market Price","2010-05-03T11:14:00.000000000-04","Intraday 1Min",119.47,356112
"106","SPY",NA,"Market Price","2010-05-03T11:15:00.000000000-04","Intraday 1Min",119.54,379261
"107","SPY",NA,"Market Price","2010-05-03T11:16:00.000000000-04","Intraday 1Min",119.52,223713
"108","SPY",NA,"Market Price","2010-05-03T11:17:00.000000000-04","Intraday 1Min",119.53,214039
"109","SPY",NA,"Market Price","2010-05-03T11:18:00.000000000-04","Intraday 1Min",119.53,182892
"110","SPY",NA,"Market Price","2010-05-03T11:19:00.000000000-04","Intraday 1Min",119.54,239717
"111","SPY",NA,"Market Price","2010-05-03T11:20:00.000000000-04","Intraday 1Min",119.6,387776
"112","SPY",NA,"Market Price","2010-05-03T11:21:00.000000000-04","Intraday 1Min",119.61,152117
"113","SPY",NA,"Market Price","2010-05-03T11:22:00.000000000-04","Intraday 1Min",119.57,214167
"114","SPY",NA,"Market Price","2010-05-03T11:23:00.000000000-04","Intraday 1Min",119.55,149473
"115","SPY",NA,"Market Price","2010-05-03T11:24:00.000000000-04","Intraday 1Min",119.59,252554
"116","SPY",NA,"Market Price","2010-05-03T11:25:00.000000000-04","Intraday 1Min",119.6,177137
"117","SPY",NA,"Market Price","2010-05-03T11:26:00.000000000-04","Intraday 1Min",119.58,127106
"118","SPY",NA,"Market Price","2010-05-03T11:27:00.000000000-04","Intraday 1Min",119.57,114429
"119","SPY",NA,"Market Price","2010-05-03T11:28:00.000000000-04","Intraday 1Min",119.58,105356
"120","SPY",NA,"Market Price","2010-05-03T11:29:00.000000000-04","Intraday 1Min",119.62,162552
"121","SPY",NA,"Market Price","2010-05-03T11:30:00.000000000-04","Intraday 1Min",119.63,300491
"122","SPY",NA,"Market Price","2010-05-03T11:31:00.000000000-04","Intraday 1Min",119.58,298792
"123","SPY",NA,"Market Price","2010-05-03T11:32:00.000000000-04","Intraday 1Min",119.57,126725
"124","SPY",NA,"Market Price","2010-05-03T11:33:00.000000000-04","Intraday 1Min",119.58,79393
"125","SPY",NA,"Market Price","2010-05-03T11:34:00.000000000-04","Intraday 1Min",119.58,122931
"126","SPY",NA,"Market Price","2010-05-03T11:35:00.000000000-04","Intraday 1Min",119.6,350908
"127","SPY",NA,"Market Price","2010-05-03T11:36:00.000000000-04","Intraday 1Min",119.6,45711
"128","SPY",NA,"Market Price","2010-05-03T11:37:00.000000000-04","Intraday 1Min",119.63,198337
"129","SPY",NA,"Market Price","2010-05-03T11:38:00.000000000-04","Intraday 1Min",119.65,191909
"130","SPY",NA,"Market Price","2010-05-03T11:39:00.000000000-04","Intraday 1Min",119.63,201482
"131","SPY",NA,"Market Price","2010-05-03T11:40:00.000000000-04","Intraday 1Min",119.62,129728
"132","SPY",NA,"Market Price","2010-05-03T11:41:00.000000000-04","Intraday 1Min",119.635,413504
"133","SPY",NA,"Market Price","2010-05-03T11:42:00.000000000-04","Intraday 1Min",119.62,63533
"134","SPY",NA,"Market Price","2010-05-03T11:43:00.000000000-04","Intraday 1Min",119.57,243637
"135","SPY",NA,"Market Price","2010-05-03T11:44:00.000000000-04","Intraday 1Min",119.63,129936
"136","SPY",NA,"Market Price","2010-05-03T11:45:00.000000000-04","Intraday 1Min",119.66,110644
"137","SPY",NA,"Market Price","2010-05-03T11:46:00.000000000-04","Intraday 1Min",119.74,727852
"138","SPY",NA,"Market Price","2010-05-03T11:47:00.000000000-04","Intraday 1Min",119.76,329647
"139","SPY",NA,"Market Price","2010-05-03T11:48:00.000000000-04","Intraday 1Min",119.725,350422
"140","SPY",NA,"Market Price","2010-05-03T11:49:00.000000000-04","Intraday 1Min",119.73,455816
"141","SPY",NA,"Market Price","2010-05-03T11:50:00.000000000-04","Intraday 1Min",119.74,231501
"142","SPY",NA,"Market Price","2010-05-03T11:51:00.000000000-04","Intraday 1Min",119.78,547514
"143","SPY",NA,"Market Price","2010-05-03T11:52:00.000000000-04","Intraday 1Min",119.7,549160
"144","SPY",NA,"Market Price","2010-05-03T11:53:00.000000000-04","Intraday 1Min",119.74,283947
"145","SPY",NA,"Market Price","2010-05-03T11:54:00.000000000-04","Intraday 1Min",119.75,141324
"146","SPY",NA,"Market Price","2010-05-03T11:55:00.000000000-04","Intraday 1Min",119.73,281920
"147","SPY",NA,"Market Price","2010-05-03T11:56:00.000000000-04","Intraday 1Min",119.82,374826
"148","SPY",NA,"Market Price","2010-05-03T11:57:00.000000000-04","Intraday 1Min",119.82,361667
"149","SPY",NA,"Market Price","2010-05-03T11:58:00.000000000-04","Intraday 1Min",119.81,590340
"150","SPY",NA,"Market Price","2010-05-03T11:59:00.000000000-04","Intraday 1Min",119.7784,155372
"151","SPY",NA,"Market Price","2010-05-03T12:00:00.000000000-04","Intraday 1Min",119.795,108832
"152","SPY",NA,"Market Price","2010-05-03T12:01:00.000000000-04","Intraday 1Min",119.72,255653
"153","SPY",NA,"Market Price","2010-05-03T12:02:00.000000000-04","Intraday 1Min",119.72,65160
"154","SPY",NA,"Market Price","2010-05-03T12:03:00.000000000-04","Intraday 1Min",119.76,107157
"155","SPY",NA,"Market Price","2010-05-03T12:04:00.000000000-04","Intraday 1Min",119.78,131147
"156","SPY",NA,"Market Price","2010-05-03T12:05:00.000000000-04","Intraday 1Min",119.78,264232
"157","SPY",NA,"Market Price","2010-05-03T12:06:00.000000000-04","Intraday 1Min",119.76,203749
"158","SPY",NA,"Market Price","2010-05-03T12:07:00.000000000-04","Intraday 1Min",119.73,172776
"159","SPY",NA,"Market Price","2010-05-03T12:08:00.000000000-04","Intraday 1Min",119.75,98546
"160","SPY",NA,"Market Price","2010-05-03T12:09:00.000000000-04","Intraday 1Min",119.71,150996
"161","SPY",NA,"Market Price","2010-05-03T12:10:00.000000000-04","Intraday 1Min",119.73,184957
"162","SPY",NA,"Market Price","2010-05-03T12:11:00.000000000-04","Intraday 1Min",119.77,273006
"163","SPY",NA,"Market Price","2010-05-03T12:12:00.000000000-04","Intraday 1Min",119.79,114379
"164","SPY",NA,"Market Price","2010-05-03T12:13:00.000000000-04","Intraday 1Min",119.7301,137711
"165","SPY",NA,"Market Price","2010-05-03T12:14:00.000000000-04","Intraday 1Min",119.74,51425
"166","SPY",NA,"Market Price","2010-05-03T12:15:00.000000000-04","Intraday 1Min",119.73,311038
"167","SPY",NA,"Market Price","2010-05-03T12:16:00.000000000-04","Intraday 1Min",119.77,138072
"168","SPY",NA,"Market Price","2010-05-03T12:17:00.000000000-04","Intraday 1Min",119.79,74416
"169","SPY",NA,"Market Price","2010-05-03T12:18:00.000000000-04","Intraday 1Min",119.809,92373
"170","SPY",NA,"Market Price","2010-05-03T12:19:00.000000000-04","Intraday 1Min",119.88,388935
"171","SPY",NA,"Market Price","2010-05-03T12:20:00.000000000-04","Intraday 1Min",119.89,624749
"172","SPY",NA,"Market Price","2010-05-03T12:21:00.000000000-04","Intraday 1Min",120.05,1035441
"173","SPY",NA,"Market Price","2010-05-03T12:22:00.000000000-04","Intraday 1Min",120.059,705681
"174","SPY",NA,"Market Price","2010-05-03T12:23:00.000000000-04","Intraday 1Min",120.12,961850
"175","SPY",NA,"Market Price","2010-05-03T12:24:00.000000000-04","Intraday 1Min",120.125,573389
"176","SPY",NA,"Market Price","2010-05-03T12:25:00.000000000-04","Intraday 1Min",120.23,861238
"177","SPY",NA,"Market Price","2010-05-03T12:26:00.000000000-04","Intraday 1Min",120.23,1008128
"178","SPY",NA,"Market Price","2010-05-03T12:27:00.000000000-04","Intraday 1Min",120.21,528099
"179","SPY",NA,"Market Price","2010-05-03T12:28:00.000000000-04","Intraday 1Min",120.25,539775
"180","SPY",NA,"Market Price","2010-05-03T12:29:00.000000000-04","Intraday 1Min",120.25,813911
"181","SPY",NA,"Market Price","2010-05-03T12:30:00.000000000-04","Intraday 1Min",120.301,740429
"182","SPY",NA,"Market Price","2010-05-03T12:31:00.000000000-04","Intraday 1Min",120.2901,556158
"183","SPY",NA,"Market Price","2010-05-03T12:32:00.000000000-04","Intraday 1Min",120.33,1104279
"184","SPY",NA,"Market Price","2010-05-03T12:33:00.000000000-04","Intraday 1Min",120.25,670068
"185","SPY",NA,"Market Price","2010-05-03T12:34:00.000000000-04","Intraday 1Min",120.3,540469
"186","SPY",NA,"Market Price","2010-05-03T12:35:00.000000000-04","Intraday 1Min",120.28,417869
"187","SPY",NA,"Market Price","2010-05-03T12:36:00.000000000-04","Intraday 1Min",120.3,355657
"188","SPY",NA,"Market Price","2010-05-03T12:37:00.000000000-04","Intraday 1Min",120.279999,169550
"189","SPY",NA,"Market Price","2010-05-03T12:38:00.000000000-04","Intraday 1Min",120.37,1265851
"190","SPY",NA,"Market Price","2010-05-03T12:39:00.000000000-04","Intraday 1Min",120.33,496440
"191","SPY",NA,"Market Price","2010-05-03T12:40:00.000000000-04","Intraday 1Min",120.35,303020
"192","SPY",NA,"Market Price","2010-05-03T12:41:00.000000000-04","Intraday 1Min",120.37,222710
"193","SPY",NA,"Market Price","2010-05-03T12:42:00.000000000-04","Intraday 1Min",120.33,244223
"194","SPY",NA,"Market Price","2010-05-03T12:43:00.000000000-04","Intraday 1Min",120.31,405079
"195","SPY",NA,"Market Price","2010-05-03T12:44:00.000000000-04","Intraday 1Min",120.34,388261
"196","SPY",NA,"Market Price","2010-05-03T12:45:00.000000000-04","Intraday 1Min",120.34,556741
"197","SPY",NA,"Market Price","2010-05-03T12:46:00.000000000-04","Intraday 1Min",120.34,443778
"198","SPY",NA,"Market Price","2010-05-03T12:47:00.000000000-04","Intraday 1Min",120.43,843334
"199","SPY",NA,"Market Price","2010-05-03T12:48:00.000000000-04","Intraday 1Min",120.41,725248
"200","SPY",NA,"Market Price","2010-05-03T12:49:00.000000000-04","Intraday 1Min",120.379997,401117
"201","SPY",NA,"Market Price","2010-05-03T12:50:00.000000000-04","Intraday 1Min",120.37,254271
"202","SPY",NA,"Market Price","2010-05-03T12:51:00.000000000-04","Intraday 1Min",120.3601,692630
"203","SPY",NA,"Market Price","2010-05-03T12:52:00.000000000-04","Intraday 1Min",120.32,517469
"204","SPY",NA,"Market Price","2010-05-03T12:53:00.000000000-04","Intraday 1Min",120.31,752015
"205","SPY",NA,"Market Price","2010-05-03T12:54:00.000000000-04","Intraday 1Min",120.38,608191
"206","SPY",NA,"Market Price","2010-05-03T12:55:00.000000000-04","Intraday 1Min",120.42,396117
"207","SPY",NA,"Market Price","2010-05-03T12:56:00.000000000-04","Intraday 1Min",120.45,500635
"208","SPY",NA,"Market Price","2010-05-03T12:57:00.000000000-04","Intraday 1Min",120.45,560600
"209","SPY",NA,"Market Price","2010-05-03T12:58:00.000000000-04","Intraday 1Min",120.48,542514
"210","SPY",NA,"Market Price","2010-05-03T12:59:00.000000000-04","Intraday 1Min",120.55,480188
"211","SPY",NA,"Market Price","2010-05-03T13:00:00.000000000-04","Intraday 1Min",120.47,1844065
"212","SPY",NA,"Market Price","2010-05-03T13:01:00.000000000-04","Intraday 1Min",120.4,518413
"213","SPY",NA,"Market Price","2010-05-03T13:02:00.000000000-04","Intraday 1Min",120.36,432378
"214","SPY",NA,"Market Price","2010-05-03T13:03:00.000000000-04","Intraday 1Min",120.37,180479
"215","SPY",NA,"Market Price","2010-05-03T13:04:00.000000000-04","Intraday 1Min",120.38,278185
"216","SPY",NA,"Market Price","2010-05-03T13:05:00.000000000-04","Intraday 1Min",120.37,189406
"217","SPY",NA,"Market Price","2010-05-03T13:06:00.000000000-04","Intraday 1Min",120.38,99921
"218","SPY",NA,"Market Price","2010-05-03T13:07:00.000000000-04","Intraday 1Min",120.36,337708
"219","SPY",NA,"Market Price","2010-05-03T13:08:00.000000000-04","Intraday 1Min",120.33,246314
"220","SPY",NA,"Market Price","2010-05-03T13:09:00.000000000-04","Intraday 1Min",120.34,125892
"221","SPY",NA,"Market Price","2010-05-03T13:10:00.000000000-04","Intraday 1Min",120.315,463277
"222","SPY",NA,"Market Price","2010-05-03T13:11:00.000000000-04","Intraday 1Min",120.325,302709
"223","SPY",NA,"Market Price","2010-05-03T13:12:00.000000000-04","Intraday 1Min",120.35,146372
"224","SPY",NA,"Market Price","2010-05-03T13:13:00.000000000-04","Intraday 1Min",120.36,131831
"225","SPY",NA,"Market Price","2010-05-03T13:14:00.000000000-04","Intraday 1Min",120.37,170335
"226","SPY",NA,"Market Price","2010-05-03T13:15:00.000000000-04","Intraday 1Min",120.36,997670
"227","SPY",NA,"Market Price","2010-05-03T13:16:00.000000000-04","Intraday 1Min",120.34,284352
"228","SPY",NA,"Market Price","2010-05-03T13:17:00.000000000-04","Intraday 1Min",120.37,221062
"229","SPY",NA,"Market Price","2010-05-03T13:18:00.000000000-04","Intraday 1Min",120.37,30245
"230","SPY",NA,"Market Price","2010-05-03T13:19:00.000000000-04","Intraday 1Min",120.33,246700
"231","SPY",NA,"Market Price","2010-05-03T13:20:00.000000000-04","Intraday 1Min",120.31,203222
"232","SPY",NA,"Market Price","2010-05-03T13:21:00.000000000-04","Intraday 1Min",120.34,505093
"233","SPY",NA,"Market Price","2010-05-03T13:22:00.000000000-04","Intraday 1Min",120.38,237670
"234","SPY",NA,"Market Price","2010-05-03T13:23:00.000000000-04","Intraday 1Min",120.38,182654
"235","SPY",NA,"Market Price","2010-05-03T13:24:00.000000000-04","Intraday 1Min",120.37,312911
"236","SPY",NA,"Market Price","2010-05-03T13:25:00.000000000-04","Intraday 1Min",120.391,89763
"237","SPY",NA,"Market Price","2010-05-03T13:26:00.000000000-04","Intraday 1Min",120.39,110069
"238","SPY",NA,"Market Price","2010-05-03T13:27:00.000000000-04","Intraday 1Min",120.361,120629
"239","SPY",NA,"Market Price","2010-05-03T13:28:00.000000000-04","Intraday 1Min",120.35,73404
"240","SPY",NA,"Market Price","2010-05-03T13:29:00.000000000-04","Intraday 1Min",120.3484,121959
"241","SPY",NA,"Market Price","2010-05-03T13:30:00.000000000-04","Intraday 1Min",120.39,172491
"242","SPY",NA,"Market Price","2010-05-03T13:31:00.000000000-04","Intraday 1Min",120.39,82730
"243","SPY",NA,"Market Price","2010-05-03T13:32:00.000000000-04","Intraday 1Min",120.41,144305
"244","SPY",NA,"Market Price","2010-05-03T13:33:00.000000000-04","Intraday 1Min",120.46,321040
"245","SPY",NA,"Market Price","2010-05-03T13:34:00.000000000-04","Intraday 1Min",120.41,210273
"246","SPY",NA,"Market Price","2010-05-03T13:35:00.000000000-04","Intraday 1Min",120.4,113025
"247","SPY",NA,"Market Price","2010-05-03T13:36:00.000000000-04","Intraday 1Min",120.39,60962
"248","SPY",NA,"Market Price","2010-05-03T13:37:00.000000000-04","Intraday 1Min",120.43,397332
"249","SPY",NA,"Market Price","2010-05-03T13:38:00.000000000-04","Intraday 1Min",120.45,220722
"250","SPY",NA,"Market Price","2010-05-03T13:39:00.000000000-04","Intraday 1Min",120.55,2126600
"251","SPY",NA,"Market Price","2010-05-03T13:40:00.000000000-04","Intraday 1Min",120.6,1467973
"252","SPY",NA,"Market Price","2010-05-03T13:41:00.000000000-04","Intraday 1Min",120.56,537721
"253","SPY",NA,"Market Price","2010-05-03T13:42:00.000000000-04","Intraday 1Min",120.57,235886
"254","SPY",NA,"Market Price","2010-05-03T13:43:00.000000000-04","Intraday 1Min",120.5317,180919
"255","SPY",NA,"Market Price","2010-05-03T13:44:00.000000000-04","Intraday 1Min",120.4699,366995
"256","SPY",NA,"Market Price","2010-05-03T13:45:00.000000000-04","Intraday 1Min",120.49,261622
"257","SPY",NA,"Market Price","2010-05-03T13:46:00.000000000-04","Intraday 1Min",120.464996,118031
"258","SPY",NA,"Market Price","2010-05-03T13:47:00.000000000-04","Intraday 1Min",120.495,184500
"259","SPY",NA,"Market Price","2010-05-03T13:48:00.000000000-04","Intraday 1Min",120.47,83210
"260","SPY",NA,"Market Price","2010-05-03T13:49:00.000000000-04","Intraday 1Min",120.46,122293
"261","SPY",NA,"Market Price","2010-05-03T13:50:00.000000000-04","Intraday 1Min",120.45,913145
"262","SPY",NA,"Market Price","2010-05-03T13:51:00.000000000-04","Intraday 1Min",120.44,1737141
"263","SPY",NA,"Market Price","2010-05-03T13:52:00.000000000-04","Intraday 1Min",120.47,97293
"264","SPY",NA,"Market Price","2010-05-03T13:53:00.000000000-04","Intraday 1Min",120.47,81359
"265","SPY",NA,"Market Price","2010-05-03T13:54:00.000000000-04","Intraday 1Min",120.47,47341
"266","SPY",NA,"Market Price","2010-05-03T13:55:00.000000000-04","Intraday 1Min",120.47,52512
"267","SPY",NA,"Market Price","2010-05-03T13:56:00.000000000-04","Intraday 1Min",120.52,105625
"268","SPY",NA,"Market Price","2010-05-03T13:57:00.000000000-04","Intraday 1Min",120.52,459032
"269","SPY",NA,"Market Price","2010-05-03T13:58:00.000000000-04","Intraday 1Min",120.5099,163055
"270","SPY",NA,"Market Price","2010-05-03T13:59:00.000000000-04","Intraday 1Min",120.52,256443
"271","SPY",NA,"Market Price","2010-05-03T14:00:00.000000000-04","Intraday 1Min",120.46,301455
"272","SPY",NA,"Market Price","2010-05-03T14:01:00.000000000-04","Intraday 1Min",120.44,177725
"273","SPY",NA,"Market Price","2010-05-03T14:02:00.000000000-04","Intraday 1Min",120.4699,262976
"274","SPY",NA,"Market Price","2010-05-03T14:03:00.000000000-04","Intraday 1Min",120.48,78268
"275","SPY",NA,"Market Price","2010-05-03T14:04:00.000000000-04","Intraday 1Min",120.495,226278
"276","SPY",NA,"Market Price","2010-05-03T14:05:00.000000000-04","Intraday 1Min",120.45,228970
"277","SPY",NA,"Market Price","2010-05-03T14:06:00.000000000-04","Intraday 1Min",120.44,264937
"278","SPY",NA,"Market Price","2010-05-03T14:07:00.000000000-04","Intraday 1Min",120.445,307800
"279","SPY",NA,"Market Price","2010-05-03T14:08:00.000000000-04","Intraday 1Min",120.47,231852
"280","SPY",NA,"Market Price","2010-05-03T14:09:00.000000000-04","Intraday 1Min",120.42,231050
"281","SPY",NA,"Market Price","2010-05-03T14:10:00.000000000-04","Intraday 1Min",120.3981,172113
"282","SPY",NA,"Market Price","2010-05-03T14:11:00.000000000-04","Intraday 1Min",120.43,301676
"283","SPY",NA,"Market Price","2010-05-03T14:12:00.000000000-04","Intraday 1Min",120.45,39950
"284","SPY",NA,"Market Price","2010-05-03T14:13:00.000000000-04","Intraday 1Min",120.42,90705
"285","SPY",NA,"Market Price","2010-05-03T14:14:00.000000000-04","Intraday 1Min",120.47,190037
"286","SPY",NA,"Market Price","2010-05-03T14:15:00.000000000-04","Intraday 1Min",120.48,671968
"287","SPY",NA,"Market Price","2010-05-03T14:16:00.000000000-04","Intraday 1Min",120.52,217755
"288","SPY",NA,"Market Price","2010-05-03T14:17:00.000000000-04","Intraday 1Min",120.5,338586
"289","SPY",NA,"Market Price","2010-05-03T14:18:00.000000000-04","Intraday 1Min",120.495003,46122
"290","SPY",NA,"Market Price","2010-05-03T14:19:00.000000000-04","Intraday 1Min",120.55,225349
"291","SPY",NA,"Market Price","2010-05-03T14:20:00.000000000-04","Intraday 1Min",120.5499,448108
"292","SPY",NA,"Market Price","2010-05-03T14:21:00.000000000-04","Intraday 1Min",120.61,506885
"293","SPY",NA,"Market Price","2010-05-03T14:22:00.000000000-04","Intraday 1Min",120.6,320995
"294","SPY",NA,"Market Price","2010-05-03T14:23:00.000000000-04","Intraday 1Min",120.61,278696
"295","SPY",NA,"Market Price","2010-05-03T14:24:00.000000000-04","Intraday 1Min",120.655,362862
"296","SPY",NA,"Market Price","2010-05-03T14:25:00.000000000-04","Intraday 1Min",120.632,390060
"297","SPY",NA,"Market Price","2010-05-03T14:26:00.000000000-04","Intraday 1Min",120.66,304187
"298","SPY",NA,"Market Price","2010-05-03T14:27:00.000000000-04","Intraday 1Min",120.65,496097
"299","SPY",NA,"Market Price","2010-05-03T14:28:00.000000000-04","Intraday 1Min",120.67,221178
"300","SPY",NA,"Market Price","2010-05-03T14:29:00.000000000-04","Intraday 1Min",120.67,439777
"301","SPY",NA,"Market Price","2010-05-03T14:30:00.000000000-04","Intraday 1Min",120.64,225876
"302","SPY",NA,"Market Price","2010-05-03T14:31:00.000000000-04","Intraday 1Min",120.62,404576
"303","SPY",NA,"Market Price","2010-05-03T14:32:00.000000000-04","Intraday 1Min",120.605,114067
"304","SPY",NA,"Market Price","2010-05-03T14:33:00.000000000-04","Intraday 1Min",120.61,255377
"305","SPY",NA,"Market Price","2010-05-03T14:34:00.000000000-04","Intraday 1Min",120.58,368824
"306","SPY",NA,"Market Price","2010-05-03T14:35:00.000000000-04","Intraday 1Min",120.54,158877
"307","SPY",NA,"Market Price","2010-05-03T14:36:00.000000000-04","Intraday 1Min",120.57,390501
"308","SPY",NA,"Market Price","2010-05-03T14:37:00.000000000-04","Intraday 1Min",120.54,158515
"309","SPY",NA,"Market Price","2010-05-03T14:38:00.000000000-04","Intraday 1Min",120.5,567091
"310","SPY",NA,"Market Price","2010-05-03T14:39:00.000000000-04","Intraday 1Min",120.51,413756
"311","SPY",NA,"Market Price","2010-05-03T14:40:00.000000000-04","Intraday 1Min",120.49,337400
"312","SPY",NA,"Market Price","2010-05-03T14:41:00.000000000-04","Intraday 1Min",120.49,447821
"313","SPY",NA,"Market Price","2010-05-03T14:42:00.000000000-04","Intraday 1Min",120.470001,413382
"314","SPY",NA,"Market Price","2010-05-03T14:43:00.000000000-04","Intraday 1Min",120.464996,81469
"315","SPY",NA,"Market Price","2010-05-03T14:44:00.000000000-04","Intraday 1Min",120.47,336373
"316","SPY",NA,"Market Price","2010-05-03T14:45:00.000000000-04","Intraday 1Min",120.49,251611
"317","SPY",NA,"Market Price","2010-05-03T14:46:00.000000000-04","Intraday 1Min",120.495003,146221
"318","SPY",NA,"Market Price","2010-05-03T14:47:00.000000000-04","Intraday 1Min",120.4799,191627
"319","SPY",NA,"Market Price","2010-05-03T14:48:00.000000000-04","Intraday 1Min",120.47,276610
"320","SPY",NA,"Market Price","2010-05-03T14:49:00.000000000-04","Intraday 1Min",120.51,349581
"321","SPY",NA,"Market Price","2010-05-03T14:50:00.000000000-04","Intraday 1Min",120.525,303614
"322","SPY",NA,"Market Price","2010-05-03T14:51:00.000000000-04","Intraday 1Min",120.55,99789
"323","SPY",NA,"Market Price","2010-05-03T14:52:00.000000000-04","Intraday 1Min",120.6,565280
"324","SPY",NA,"Market Price","2010-05-03T14:53:00.000000000-04","Intraday 1Min",120.62,510191
"325","SPY",NA,"Market Price","2010-05-03T14:54:00.000000000-04","Intraday 1Min",120.62,67211
"326","SPY",NA,"Market Price","2010-05-03T14:55:00.000000000-04","Intraday 1Min",120.62,56730
"327","SPY",NA,"Market Price","2010-05-03T14:56:00.000000000-04","Intraday 1Min",120.6201,234383
"328","SPY",NA,"Market Price","2010-05-03T14:57:00.000000000-04","Intraday 1Min",120.62,462626
"329","SPY",NA,"Market Price","2010-05-03T14:58:00.000000000-04","Intraday 1Min",120.614998,286955
"330","SPY",NA,"Market Price","2010-05-03T14:59:00.000000000-04","Intraday 1Min",120.6099,68203
"331","SPY",NA,"Market Price","2010-05-03T15:00:00.000000000-04","Intraday 1Min",120.59,202500
"332","SPY",NA,"Market Price","2010-05-03T15:01:00.000000000-04","Intraday 1Min",120.5326,391860
"333","SPY",NA,"Market Price","2010-05-03T15:02:00.000000000-04","Intraday 1Min",120.5693,324762
"334","SPY",NA,"Market Price","2010-05-03T15:03:00.000000000-04","Intraday 1Min",120.53,89029
"335","SPY",NA,"Market Price","2010-05-03T15:04:00.000000000-04","Intraday 1Min",120.54,107784
"336","SPY",NA,"Market Price","2010-05-03T15:05:00.000000000-04","Intraday 1Min",120.54,176253
"337","SPY",NA,"Market Price","2010-05-03T15:06:00.000000000-04","Intraday 1Min",120.6,384640
"338","SPY",NA,"Market Price","2010-05-03T15:07:00.000000000-04","Intraday 1Min",120.66,291976
"339","SPY",NA,"Market Price","2010-05-03T15:08:00.000000000-04","Intraday 1Min",120.5,946514
"340","SPY",NA,"Market Price","2010-05-03T15:09:00.000000000-04","Intraday 1Min",120.46,1154940
"341","SPY",NA,"Market Price","2010-05-03T15:10:00.000000000-04","Intraday 1Min",120.39,799044
"342","SPY",NA,"Market Price","2010-05-03T15:11:00.000000000-04","Intraday 1Min",120.33,844463
"343","SPY",NA,"Market Price","2010-05-03T15:12:00.000000000-04","Intraday 1Min",120.28,938811
"344","SPY",NA,"Market Price","2010-05-03T15:13:00.000000000-04","Intraday 1Min",120.330002,452975
"345","SPY",NA,"Market Price","2010-05-03T15:14:00.000000000-04","Intraday 1Min",120.36,482737
"346","SPY",NA,"Market Price","2010-05-03T15:15:00.000000000-04","Intraday 1Min",120.43,536594
"347","SPY",NA,"Market Price","2010-05-03T15:16:00.000000000-04","Intraday 1Min",120.44,428748
"348","SPY",NA,"Market Price","2010-05-03T15:17:00.000000000-04","Intraday 1Min",120.46,236412
"349","SPY",NA,"Market Price","2010-05-03T15:18:00.000000000-04","Intraday 1Min",120.41,620176
"350","SPY",NA,"Market Price","2010-05-03T15:19:00.000000000-04","Intraday 1Min",120.3726,428860
"351","SPY",NA,"Market Price","2010-05-03T15:20:00.000000000-04","Intraday 1Min",120.4,282118
"352","SPY",NA,"Market Price","2010-05-03T15:21:00.000000000-04","Intraday 1Min",120.39,258978
"353","SPY",NA,"Market Price","2010-05-03T15:22:00.000000000-04","Intraday 1Min",120.38,942807
"354","SPY",NA,"Market Price","2010-05-03T15:23:00.000000000-04","Intraday 1Min",120.27,1240769
"355","SPY",NA,"Market Price","2010-05-03T15:24:00.000000000-04","Intraday 1Min",120.29,997161
"356","SPY",NA,"Market Price","2010-05-03T15:25:00.000000000-04","Intraday 1Min",120.25,772343
"357","SPY",NA,"Market Price","2010-05-03T15:26:00.000000000-04","Intraday 1Min",120.27,1003612
"358","SPY",NA,"Market Price","2010-05-03T15:27:00.000000000-04","Intraday 1Min",120.309,345761
"359","SPY",NA,"Market Price","2010-05-03T15:28:00.000000000-04","Intraday 1Min",120.34,1568352
"360","SPY",NA,"Market Price","2010-05-03T15:29:00.000000000-04","Intraday 1Min",120.29,307215
"361","SPY",NA,"Market Price","2010-05-03T15:30:00.000000000-04","Intraday 1Min",120.25,399460
"362","SPY",NA,"Market Price","2010-05-03T15:31:00.000000000-04","Intraday 1Min",120.3299,531868
"363","SPY",NA,"Market Price","2010-05-03T15:32:00.000000000-04","Intraday 1Min",120.29,592312
"364","SPY",NA,"Market Price","2010-05-03T15:33:00.000000000-04","Intraday 1Min",120.26,481320
"365","SPY",NA,"Market Price","2010-05-03T15:34:00.000000000-04","Intraday 1Min",120.36,754707
"366","SPY",NA,"Market Price","2010-05-03T15:35:00.000000000-04","Intraday 1Min",120.39,1595084
"367","SPY",NA,"Market Price","2010-05-03T15:36:00.000000000-04","Intraday 1Min",120.39,298266
"368","SPY",NA,"Market Price","2010-05-03T15:37:00.000000000-04","Intraday 1Min",120.364998,436769
"369","SPY",NA,"Market Price","2010-05-03T15:38:00.000000000-04","Intraday 1Min",120.35,399197
"370","SPY",NA,"Market Price","2010-05-03T15:39:00.000000000-04","Intraday 1Min",120.35,310622
"371","SPY",NA,"Market Price","2010-05-03T15:40:00.000000000-04","Intraday 1Min",120.375,237203
"372","SPY",NA,"Market Price","2010-05-03T15:41:00.000000000-04","Intraday 1Min",120.35,214708
"373","SPY",NA,"Market Price","2010-05-03T15:42:00.000000000-04","Intraday 1Min",120.3,829350
"374","SPY",NA,"Market Price","2010-05-03T15:43:00.000000000-04","Intraday 1Min",120.3,351224
"375","SPY",NA,"Market Price","2010-05-03T15:44:00.000000000-04","Intraday 1Min",120.34,714644
"376","SPY",NA,"Market Price","2010-05-03T15:45:00.000000000-04","Intraday 1Min",120.43,1147182
"377","SPY",NA,"Market Price","2010-05-03T15:46:00.000000000-04","Intraday 1Min",120.415,747406
"378","SPY",NA,"Market Price","2010-05-03T15:47:00.000000000-04","Intraday 1Min",120.41,724639
"379","SPY",NA,"Market Price","2010-05-03T15:48:00.000000000-04","Intraday 1Min",120.45,269917
"380","SPY",NA,"Market Price","2010-05-03T15:49:00.000000000-04","Intraday 1Min",120.42,477419
"381","SPY",NA,"Market Price","2010-05-03T15:50:00.000000000-04","Intraday 1Min",120.42,767415
"382","SPY",NA,"Market Price","2010-05-03T15:51:00.000000000-04","Intraday 1Min",120.39,361067
"383","SPY",NA,"Market Price","2010-05-03T15:52:00.000000000-04","Intraday 1Min",120.4,574599
"384","SPY",NA,"Market Price","2010-05-03T15:53:00.000000000-04","Intraday 1Min",120.35,1010152
"385","SPY",NA,"Market Price","2010-05-03T15:54:00.000000000-04","Intraday 1Min",120.35,785136
"386","SPY",NA,"Market Price","2010-05-03T15:55:00.000000000-04","Intraday 1Min",120.325,977510
"387","SPY",NA,"Market Price","2010-05-03T15:56:00.000000000-04","Intraday 1Min",120.33,1394001
"388","SPY",NA,"Market Price","2010-05-03T15:57:00.000000000-04","Intraday 1Min",120.360001,1181219
"389","SPY",NA,"Market Price","2010-05-03T15:58:00.000000000-04","Intraday 1Min",120.352,1221964
"390","SPY",NA,"Market Price","2010-05-03T15:59:00.000000000-04","Intraday 1Min",120.4,1783531
