"","X.RIC","Alias.Underlying.RIC","Domain","Date.Time","Type","Last","Volume"
"1","SPY",NA,"Market Price","2010-04-21T09:30:00.000000000-04","Intraday 1Min",121,1326449
"2","SPY",NA,"Market Price","2010-04-21T09:31:00.000000000-04","Intraday 1Min",120.9199,553274
"3","SPY",NA,"Market Price","2010-04-21T09:32:00.000000000-04","Intraday 1Min",120.97,524731
"4","SPY",NA,"Market Price","2010-04-21T09:33:00.000000000-04","Intraday 1Min",120.89,742433
"5","SPY",NA,"Market Price","2010-04-21T09:34:00.000000000-04","Intraday 1Min",120.98,497270
"6","SPY",NA,"Market Price","2010-04-21T09:35:00.000000000-04","Intraday 1Min",120.92,706610
"7","SPY",NA,"Market Price","2010-04-21T09:36:00.000000000-04","Intraday 1Min",120.97,620246
"8","SPY",NA,"Market Price","2010-04-21T09:37:00.000000000-04","Intraday 1Min",121.07,607298
"9","SPY",NA,"Market Price","2010-04-21T09:38:00.000000000-04","Intraday 1Min",121.04,731030
"10","SPY",NA,"Market Price","2010-04-21T09:39:00.000000000-04","Intraday 1Min",121.03,513266
"11","SPY",NA,"Market Price","2010-04-21T09:40:00.000000000-04","Intraday 1Min",121.12,800810
"12","SPY",NA,"Market Price","2010-04-21T09:41:00.000000000-04","Intraday 1Min",121.08,718966
"13","SPY",NA,"Market Price","2010-04-21T09:42:00.000000000-04","Intraday 1Min",121.0001,563025
"14","SPY",NA,"Market Price","2010-04-21T09:43:00.000000000-04","Intraday 1Min",121.01,714160
"15","SPY",NA,"Market Price","2010-04-21T09:44:00.000000000-04","Intraday 1Min",121.09,898575
"16","SPY",NA,"Market Price","2010-04-21T09:45:00.000000000-04","Intraday 1Min",121.1,959085
"17","SPY",NA,"Market Price","2010-04-21T09:46:00.000000000-04","Intraday 1Min",121.17,793027
"18","SPY",NA,"Market Price","2010-04-21T09:47:00.000000000-04","Intraday 1Min",121.17,572701
"19","SPY",NA,"Market Price","2010-04-21T09:48:00.000000000-04","Intraday 1Min",121.18,555559
"20","SPY",NA,"Market Price","2010-04-21T09:49:00.000000000-04","Intraday 1Min",121.15,351403
"21","SPY",NA,"Market Price","2010-04-21T09:50:00.000000000-04","Intraday 1Min",121.16,974294
"22","SPY",NA,"Market Price","2010-04-21T09:51:00.000000000-04","Intraday 1Min",121.17,725677
"23","SPY",NA,"Market Price","2010-04-21T09:52:00.000000000-04","Intraday 1Min",121.14,241522
"24","SPY",NA,"Market Price","2010-04-21T09:53:00.000000000-04","Intraday 1Min",121.07,746038
"25","SPY",NA,"Market Price","2010-04-21T09:54:00.000000000-04","Intraday 1Min",121.135,564420
"26","SPY",NA,"Market Price","2010-04-21T09:55:00.000000000-04","Intraday 1Min",121.16,937409
"27","SPY",NA,"Market Price","2010-04-21T09:56:00.000000000-04","Intraday 1Min",121.13,878605
"28","SPY",NA,"Market Price","2010-04-21T09:57:00.000000000-04","Intraday 1Min",121.185,434910
"29","SPY",NA,"Market Price","2010-04-21T09:58:00.000000000-04","Intraday 1Min",121.19,648646
"30","SPY",NA,"Market Price","2010-04-21T09:59:00.000000000-04","Intraday 1Min",121.18,660333
"31","SPY",NA,"Market Price","2010-04-21T10:00:00.000000000-04","Intraday 1Min",121.11,497672
"32","SPY",NA,"Market Price","2010-04-21T10:01:00.000000000-04","Intraday 1Min",121.05,476967
"33","SPY",NA,"Market Price","2010-04-21T10:02:00.000000000-04","Intraday 1Min",121.01,499087
"34","SPY",NA,"Market Price","2010-04-21T10:03:00.000000000-04","Intraday 1Min",121.01,903125
"35","SPY",NA,"Market Price","2010-04-21T10:04:00.000000000-04","Intraday 1Min",121.03,454868
"36","SPY",NA,"Market Price","2010-04-21T10:05:00.000000000-04","Intraday 1Min",121.05,400970
"37","SPY",NA,"Market Price","2010-04-21T10:06:00.000000000-04","Intraday 1Min",121.1,557699
"38","SPY",NA,"Market Price","2010-04-21T10:07:00.000000000-04","Intraday 1Min",121.05,210412
"39","SPY",NA,"Market Price","2010-04-21T10:08:00.000000000-04","Intraday 1Min",121,357816
"40","SPY",NA,"Market Price","2010-04-21T10:09:00.000000000-04","Intraday 1Min",121.03,590610
"41","SPY",NA,"Market Price","2010-04-21T10:10:00.000000000-04","Intraday 1Min",121.01,335340
"42","SPY",NA,"Market Price","2010-04-21T10:11:00.000000000-04","Intraday 1Min",121.06,326011
"43","SPY",NA,"Market Price","2010-04-21T10:12:00.000000000-04","Intraday 1Min",121.13,519632
"44","SPY",NA,"Market Price","2010-04-21T10:13:00.000000000-04","Intraday 1Min",121.152,184895
"45","SPY",NA,"Market Price","2010-04-21T10:14:00.000000000-04","Intraday 1Min",121.11,213574
"46","SPY",NA,"Market Price","2010-04-21T10:15:00.000000000-04","Intraday 1Min",121.085,292535
"47","SPY",NA,"Market Price","2010-04-21T10:16:00.000000000-04","Intraday 1Min",121.07,211098
"48","SPY",NA,"Market Price","2010-04-21T10:17:00.000000000-04","Intraday 1Min",120.99,479755
"49","SPY",NA,"Market Price","2010-04-21T10:18:00.000000000-04","Intraday 1Min",120.96,594994
"50","SPY",NA,"Market Price","2010-04-21T10:19:00.000000000-04","Intraday 1Min",120.91,2066908
"51","SPY",NA,"Market Price","2010-04-21T10:20:00.000000000-04","Intraday 1Min",120.8701,588703
"52","SPY",NA,"Market Price","2010-04-21T10:21:00.000000000-04","Intraday 1Min",120.93,422221
"53","SPY",NA,"Market Price","2010-04-21T10:22:00.000000000-04","Intraday 1Min",120.9,255039
"54","SPY",NA,"Market Price","2010-04-21T10:23:00.000000000-04","Intraday 1Min",120.89,206703
"55","SPY",NA,"Market Price","2010-04-21T10:24:00.000000000-04","Intraday 1Min",120.96,496280
"56","SPY",NA,"Market Price","2010-04-21T10:25:00.000000000-04","Intraday 1Min",120.93,204508
"57","SPY",NA,"Market Price","2010-04-21T10:26:00.000000000-04","Intraday 1Min",120.9,280445
"58","SPY",NA,"Market Price","2010-04-21T10:27:00.000000000-04","Intraday 1Min",120.83,922832
"59","SPY",NA,"Market Price","2010-04-21T10:28:00.000000000-04","Intraday 1Min",120.8199,444858
"60","SPY",NA,"Market Price","2010-04-21T10:29:00.000000000-04","Intraday 1Min",120.85,316766
"61","SPY",NA,"Market Price","2010-04-21T10:30:00.000000000-04","Intraday 1Min",120.82,2286962
"62","SPY",NA,"Market Price","2010-04-21T10:31:00.000000000-04","Intraday 1Min",120.91,922753
"63","SPY",NA,"Market Price","2010-04-21T10:32:00.000000000-04","Intraday 1Min",120.82,810128
"64","SPY",NA,"Market Price","2010-04-21T10:33:00.000000000-04","Intraday 1Min",120.7299,454466
"65","SPY",NA,"Market Price","2010-04-21T10:34:00.000000000-04","Intraday 1Min",120.84,611807
"66","SPY",NA,"Market Price","2010-04-21T10:35:00.000000000-04","Intraday 1Min",120.8799,936618
"67","SPY",NA,"Market Price","2010-04-21T10:36:00.000000000-04","Intraday 1Min",120.92,527136
"68","SPY",NA,"Market Price","2010-04-21T10:37:00.000000000-04","Intraday 1Min",120.92,487800
"69","SPY",NA,"Market Price","2010-04-21T10:38:00.000000000-04","Intraday 1Min",120.9,427853
"70","SPY",NA,"Market Price","2010-04-21T10:39:00.000000000-04","Intraday 1Min",120.88,319548
"71","SPY",NA,"Market Price","2010-04-21T10:40:00.000000000-04","Intraday 1Min",120.949,288332
"72","SPY",NA,"Market Price","2010-04-21T10:41:00.000000000-04","Intraday 1Min",120.98,301178
"73","SPY",NA,"Market Price","2010-04-21T10:42:00.000000000-04","Intraday 1Min",121.05,701184
"74","SPY",NA,"Market Price","2010-04-21T10:43:00.000000000-04","Intraday 1Min",120.99,806902
"75","SPY",NA,"Market Price","2010-04-21T10:44:00.000000000-04","Intraday 1Min",120.99,512980
"76","SPY",NA,"Market Price","2010-04-21T10:45:00.000000000-04","Intraday 1Min",121.0101,245685
"77","SPY",NA,"Market Price","2010-04-21T10:46:00.000000000-04","Intraday 1Min",121.04,522712
"78","SPY",NA,"Market Price","2010-04-21T10:47:00.000000000-04","Intraday 1Min",121.05,416128
"79","SPY",NA,"Market Price","2010-04-21T10:48:00.000000000-04","Intraday 1Min",121,323709
"80","SPY",NA,"Market Price","2010-04-21T10:49:00.000000000-04","Intraday 1Min",120.93,542928
"81","SPY",NA,"Market Price","2010-04-21T10:50:00.000000000-04","Intraday 1Min",120.94,396124
"82","SPY",NA,"Market Price","2010-04-21T10:51:00.000000000-04","Intraday 1Min",120.980003,211385
"83","SPY",NA,"Market Price","2010-04-21T10:52:00.000000000-04","Intraday 1Min",121.01,271659
"84","SPY",NA,"Market Price","2010-04-21T10:53:00.000000000-04","Intraday 1Min",120.97,276788
"85","SPY",NA,"Market Price","2010-04-21T10:54:00.000000000-04","Intraday 1Min",120.98,309099
"86","SPY",NA,"Market Price","2010-04-21T10:55:00.000000000-04","Intraday 1Min",120.95,455583
"87","SPY",NA,"Market Price","2010-04-21T10:56:00.000000000-04","Intraday 1Min",120.92,256605
"88","SPY",NA,"Market Price","2010-04-21T10:57:00.000000000-04","Intraday 1Min",120.91,345768
"89","SPY",NA,"Market Price","2010-04-21T10:58:00.000000000-04","Intraday 1Min",120.82,1032478
"90","SPY",NA,"Market Price","2010-04-21T10:59:00.000000000-04","Intraday 1Min",120.78,443669
"91","SPY",NA,"Market Price","2010-04-21T11:00:00.000000000-04","Intraday 1Min",120.81,759759
"92","SPY",NA,"Market Price","2010-04-21T11:01:00.000000000-04","Intraday 1Min",120.73,306602
"93","SPY",NA,"Market Price","2010-04-21T11:02:00.000000000-04","Intraday 1Min",120.78,1115764
"94","SPY",NA,"Market Price","2010-04-21T11:03:00.000000000-04","Intraday 1Min",120.83,236947
"95","SPY",NA,"Market Price","2010-04-21T11:04:00.000000000-04","Intraday 1Min",120.83,528729
"96","SPY",NA,"Market Price","2010-04-21T11:05:00.000000000-04","Intraday 1Min",120.8099,297680
"97","SPY",NA,"Market Price","2010-04-21T11:06:00.000000000-04","Intraday 1Min",120.76,346086
"98","SPY",NA,"Market Price","2010-04-21T11:07:00.000000000-04","Intraday 1Min",120.759,374307
"99","SPY",NA,"Market Price","2010-04-21T11:08:00.000000000-04","Intraday 1Min",120.77,816175
"100","SPY",NA,"Market Price","2010-04-21T11:09:00.000000000-04","Intraday 1Min",120.73,724757
"101","SPY",NA,"Market Price","2010-04-21T11:10:00.000000000-04","Intraday 1Min",120.73,1069157
"102","SPY",NA,"Market Price","2010-04-21T11:11:00.000000000-04","Intraday 1Min",120.75,704226
"103","SPY",NA,"Market Price","2010-04-21T11:12:00.000000000-04","Intraday 1Min",120.75,405335
"104","SPY",NA,"Market Price","2010-04-21T11:13:00.000000000-04","Intraday 1Min",120.8,361095
"105","SPY",NA,"Market Price","2010-04-21T11:14:00.000000000-04","Intraday 1Min",120.82,233711
"106","SPY",NA,"Market Price","2010-04-21T11:15:00.000000000-04","Intraday 1Min",120.79,205460
"107","SPY",NA,"Market Price","2010-04-21T11:16:00.000000000-04","Intraday 1Min",120.75,218351
"108","SPY",NA,"Market Price","2010-04-21T11:17:00.000000000-04","Intraday 1Min",120.79,420909
"109","SPY",NA,"Market Price","2010-04-21T11:18:00.000000000-04","Intraday 1Min",120.78,243277
"110","SPY",NA,"Market Price","2010-04-21T11:19:00.000000000-04","Intraday 1Min",120.82,430760
"111","SPY",NA,"Market Price","2010-04-21T11:20:00.000000000-04","Intraday 1Min",120.84,500831
"112","SPY",NA,"Market Price","2010-04-21T11:21:00.000000000-04","Intraday 1Min",120.834999,261353
"113","SPY",NA,"Market Price","2010-04-21T11:22:00.000000000-04","Intraday 1Min",120.83,527032
"114","SPY",NA,"Market Price","2010-04-21T11:23:00.000000000-04","Intraday 1Min",120.78,183617
"115","SPY",NA,"Market Price","2010-04-21T11:24:00.000000000-04","Intraday 1Min",120.7,767824
"116","SPY",NA,"Market Price","2010-04-21T11:25:00.000000000-04","Intraday 1Min",120.58,1342803
"117","SPY",NA,"Market Price","2010-04-21T11:26:00.000000000-04","Intraday 1Min",120.54,778545
"118","SPY",NA,"Market Price","2010-04-21T11:27:00.000000000-04","Intraday 1Min",120.54,498704
"119","SPY",NA,"Market Price","2010-04-21T11:28:00.000000000-04","Intraday 1Min",120.5,1452129
"120","SPY",NA,"Market Price","2010-04-21T11:29:00.000000000-04","Intraday 1Min",120.56,1202354
"121","SPY",NA,"Market Price","2010-04-21T11:30:00.000000000-04","Intraday 1Min",120.53,543122
"122","SPY",NA,"Market Price","2010-04-21T11:31:00.000000000-04","Intraday 1Min",120.49,815477
"123","SPY",NA,"Market Price","2010-04-21T11:32:00.000000000-04","Intraday 1Min",120.46,1305152
"124","SPY",NA,"Market Price","2010-04-21T11:33:00.000000000-04","Intraday 1Min",120.4499,307945
"125","SPY",NA,"Market Price","2010-04-21T11:34:00.000000000-04","Intraday 1Min",120.48,417083
"126","SPY",NA,"Market Price","2010-04-21T11:35:00.000000000-04","Intraday 1Min",120.415,455303
"127","SPY",NA,"Market Price","2010-04-21T11:36:00.000000000-04","Intraday 1Min",120.39,746983
"128","SPY",NA,"Market Price","2010-04-21T11:37:00.000000000-04","Intraday 1Min",120.37,859508
"129","SPY",NA,"Market Price","2010-04-21T11:38:00.000000000-04","Intraday 1Min",120.42,803049
"130","SPY",NA,"Market Price","2010-04-21T11:39:00.000000000-04","Intraday 1Min",120.46,642101
"131","SPY",NA,"Market Price","2010-04-21T11:40:00.000000000-04","Intraday 1Min",120.4599,628221
"132","SPY",NA,"Market Price","2010-04-21T11:41:00.000000000-04","Intraday 1Min",120.47,287392
"133","SPY",NA,"Market Price","2010-04-21T11:42:00.000000000-04","Intraday 1Min",120.499,337585
"134","SPY",NA,"Market Price","2010-04-21T11:43:00.000000000-04","Intraday 1Min",120.5,416164
"135","SPY",NA,"Market Price","2010-04-21T11:44:00.000000000-04","Intraday 1Min",120.53,534709
"136","SPY",NA,"Market Price","2010-04-21T11:45:00.000000000-04","Intraday 1Min",120.51,309581
"137","SPY",NA,"Market Price","2010-04-21T11:46:00.000000000-04","Intraday 1Min",120.49,211900
"138","SPY",NA,"Market Price","2010-04-21T11:47:00.000000000-04","Intraday 1Min",120.52,376407
"139","SPY",NA,"Market Price","2010-04-21T11:48:00.000000000-04","Intraday 1Min",120.52,270652
"140","SPY",NA,"Market Price","2010-04-21T11:49:00.000000000-04","Intraday 1Min",120.52,273815
"141","SPY",NA,"Market Price","2010-04-21T11:50:00.000000000-04","Intraday 1Min",120.56,417076
"142","SPY",NA,"Market Price","2010-04-21T11:51:00.000000000-04","Intraday 1Min",120.57,215117
"143","SPY",NA,"Market Price","2010-04-21T11:52:00.000000000-04","Intraday 1Min",120.59,448008
"144","SPY",NA,"Market Price","2010-04-21T11:53:00.000000000-04","Intraday 1Min",120.57,288478
"145","SPY",NA,"Market Price","2010-04-21T11:54:00.000000000-04","Intraday 1Min",120.59,489709
"146","SPY",NA,"Market Price","2010-04-21T11:55:00.000000000-04","Intraday 1Min",120.6215,388680
"147","SPY",NA,"Market Price","2010-04-21T11:56:00.000000000-04","Intraday 1Min",120.639999,94299
"148","SPY",NA,"Market Price","2010-04-21T11:57:00.000000000-04","Intraday 1Min",120.62,190052
"149","SPY",NA,"Market Price","2010-04-21T11:58:00.000000000-04","Intraday 1Min",120.66,457327
"150","SPY",NA,"Market Price","2010-04-21T11:59:00.000000000-04","Intraday 1Min",120.66,296471
"151","SPY",NA,"Market Price","2010-04-21T12:00:00.000000000-04","Intraday 1Min",120.64,78861
"152","SPY",NA,"Market Price","2010-04-21T12:01:00.000000000-04","Intraday 1Min",120.66,288279
"153","SPY",NA,"Market Price","2010-04-21T12:02:00.000000000-04","Intraday 1Min",120.669,147847
"154","SPY",NA,"Market Price","2010-04-21T12:03:00.000000000-04","Intraday 1Min",120.69,107572
"155","SPY",NA,"Market Price","2010-04-21T12:04:00.000000000-04","Intraday 1Min",120.7401,541441
"156","SPY",NA,"Market Price","2010-04-21T12:05:00.000000000-04","Intraday 1Min",120.69,420311
"157","SPY",NA,"Market Price","2010-04-21T12:06:00.000000000-04","Intraday 1Min",120.7,386607
"158","SPY",NA,"Market Price","2010-04-21T12:07:00.000000000-04","Intraday 1Min",120.65,342438
"159","SPY",NA,"Market Price","2010-04-21T12:08:00.000000000-04","Intraday 1Min",120.66,90317
"160","SPY",NA,"Market Price","2010-04-21T12:09:00.000000000-04","Intraday 1Min",120.660004,192175
"161","SPY",NA,"Market Price","2010-04-21T12:10:00.000000000-04","Intraday 1Min",120.65,346048
"162","SPY",NA,"Market Price","2010-04-21T12:11:00.000000000-04","Intraday 1Min",120.67,106907
"163","SPY",NA,"Market Price","2010-04-21T12:12:00.000000000-04","Intraday 1Min",120.67,68081
"164","SPY",NA,"Market Price","2010-04-21T12:13:00.000000000-04","Intraday 1Min",120.67,509382
"165","SPY",NA,"Market Price","2010-04-21T12:14:00.000000000-04","Intraday 1Min",120.64,251190
"166","SPY",NA,"Market Price","2010-04-21T12:15:00.000000000-04","Intraday 1Min",120.66,441183
"167","SPY",NA,"Market Price","2010-04-21T12:16:00.000000000-04","Intraday 1Min",120.665001,35309
"168","SPY",NA,"Market Price","2010-04-21T12:17:00.000000000-04","Intraday 1Min",120.67,76323
"169","SPY",NA,"Market Price","2010-04-21T12:18:00.000000000-04","Intraday 1Min",120.67,53506
"170","SPY",NA,"Market Price","2010-04-21T12:19:00.000000000-04","Intraday 1Min",120.645,98871
"171","SPY",NA,"Market Price","2010-04-21T12:20:00.000000000-04","Intraday 1Min",120.66,144733
"172","SPY",NA,"Market Price","2010-04-21T12:21:00.000000000-04","Intraday 1Min",120.64,158579
"173","SPY",NA,"Market Price","2010-04-21T12:22:00.000000000-04","Intraday 1Min",120.63,216511
"174","SPY",NA,"Market Price","2010-04-21T12:23:00.000000000-04","Intraday 1Min",120.6301,87907
"175","SPY",NA,"Market Price","2010-04-21T12:24:00.000000000-04","Intraday 1Min",120.68,408994
"176","SPY",NA,"Market Price","2010-04-21T12:25:00.000000000-04","Intraday 1Min",120.7,100233
"177","SPY",NA,"Market Price","2010-04-21T12:26:00.000000000-04","Intraday 1Min",120.75,1938223
"178","SPY",NA,"Market Price","2010-04-21T12:27:00.000000000-04","Intraday 1Min",120.8,587159
"179","SPY",NA,"Market Price","2010-04-21T12:28:00.000000000-04","Intraday 1Min",120.75,360334
"180","SPY",NA,"Market Price","2010-04-21T12:29:00.000000000-04","Intraday 1Min",120.76,99137
"181","SPY",NA,"Market Price","2010-04-21T12:30:00.000000000-04","Intraday 1Min",120.735001,103487
"182","SPY",NA,"Market Price","2010-04-21T12:31:00.000000000-04","Intraday 1Min",120.7699,134451
"183","SPY",NA,"Market Price","2010-04-21T12:32:00.000000000-04","Intraday 1Min",120.77,345157
"184","SPY",NA,"Market Price","2010-04-21T12:33:00.000000000-04","Intraday 1Min",120.85,345442
"185","SPY",NA,"Market Price","2010-04-21T12:34:00.000000000-04","Intraday 1Min",120.83,445539
"186","SPY",NA,"Market Price","2010-04-21T12:35:00.000000000-04","Intraday 1Min",120.855,2246218
"187","SPY",NA,"Market Price","2010-04-21T12:36:00.000000000-04","Intraday 1Min",120.86,1237102
"188","SPY",NA,"Market Price","2010-04-21T12:37:00.000000000-04","Intraday 1Min",120.9474,1560129
"189","SPY",NA,"Market Price","2010-04-21T12:38:00.000000000-04","Intraday 1Min",120.94,681251
"190","SPY",NA,"Market Price","2010-04-21T12:39:00.000000000-04","Intraday 1Min",120.935,312739
"191","SPY",NA,"Market Price","2010-04-21T12:40:00.000000000-04","Intraday 1Min",120.93,398496
"192","SPY",NA,"Market Price","2010-04-21T12:41:00.000000000-04","Intraday 1Min",120.96,434365
"193","SPY",NA,"Market Price","2010-04-21T12:42:00.000000000-04","Intraday 1Min",120.93,233411
"194","SPY",NA,"Market Price","2010-04-21T12:43:00.000000000-04","Intraday 1Min",120.935,387039
"195","SPY",NA,"Market Price","2010-04-21T12:44:00.000000000-04","Intraday 1Min",120.949997,279819
"196","SPY",NA,"Market Price","2010-04-21T12:45:00.000000000-04","Intraday 1Min",120.91,219378
"197","SPY",NA,"Market Price","2010-04-21T12:46:00.000000000-04","Intraday 1Min",120.86,452161
"198","SPY",NA,"Market Price","2010-04-21T12:47:00.000000000-04","Intraday 1Min",120.855003,207807
"199","SPY",NA,"Market Price","2010-04-21T12:48:00.000000000-04","Intraday 1Min",120.82,158703
"200","SPY",NA,"Market Price","2010-04-21T12:49:00.000000000-04","Intraday 1Min",120.84,487585
"201","SPY",NA,"Market Price","2010-04-21T12:50:00.000000000-04","Intraday 1Min",120.849998,180768
"202","SPY",NA,"Market Price","2010-04-21T12:51:00.000000000-04","Intraday 1Min",120.81,132090
"203","SPY",NA,"Market Price","2010-04-21T12:52:00.000000000-04","Intraday 1Min",120.81,289299
"204","SPY",NA,"Market Price","2010-04-21T12:53:00.000000000-04","Intraday 1Min",120.78,176713
"205","SPY",NA,"Market Price","2010-04-21T12:54:00.000000000-04","Intraday 1Min",120.81,293074
"206","SPY",NA,"Market Price","2010-04-21T12:55:00.000000000-04","Intraday 1Min",120.82,123243
"207","SPY",NA,"Market Price","2010-04-21T12:56:00.000000000-04","Intraday 1Min",120.83,184054
"208","SPY",NA,"Market Price","2010-04-21T12:57:00.000000000-04","Intraday 1Min",120.81,156072
"209","SPY",NA,"Market Price","2010-04-21T12:58:00.000000000-04","Intraday 1Min",120.8217,77854
"210","SPY",NA,"Market Price","2010-04-21T12:59:00.000000000-04","Intraday 1Min",120.75,216854
"211","SPY",NA,"Market Price","2010-04-21T13:00:00.000000000-04","Intraday 1Min",120.77,252382
"212","SPY",NA,"Market Price","2010-04-21T13:01:00.000000000-04","Intraday 1Min",120.742,100086
"213","SPY",NA,"Market Price","2010-04-21T13:02:00.000000000-04","Intraday 1Min",120.725,156892
"214","SPY",NA,"Market Price","2010-04-21T13:03:00.000000000-04","Intraday 1Min",120.73,221642
"215","SPY",NA,"Market Price","2010-04-21T13:04:00.000000000-04","Intraday 1Min",120.8,230261
"216","SPY",NA,"Market Price","2010-04-21T13:05:00.000000000-04","Intraday 1Min",120.79,194043
"217","SPY",NA,"Market Price","2010-04-21T13:06:00.000000000-04","Intraday 1Min",120.78,266681
"218","SPY",NA,"Market Price","2010-04-21T13:07:00.000000000-04","Intraday 1Min",120.78,13956
"219","SPY",NA,"Market Price","2010-04-21T13:08:00.000000000-04","Intraday 1Min",120.77,150407
"220","SPY",NA,"Market Price","2010-04-21T13:09:00.000000000-04","Intraday 1Min",120.7507,401043
"221","SPY",NA,"Market Price","2010-04-21T13:10:00.000000000-04","Intraday 1Min",120.64,373252
"222","SPY",NA,"Market Price","2010-04-21T13:11:00.000000000-04","Intraday 1Min",120.58,860236
"223","SPY",NA,"Market Price","2010-04-21T13:12:00.000000000-04","Intraday 1Min",120.63,403572
"224","SPY",NA,"Market Price","2010-04-21T13:13:00.000000000-04","Intraday 1Min",120.6,306051
"225","SPY",NA,"Market Price","2010-04-21T13:14:00.000000000-04","Intraday 1Min",120.63,235072
"226","SPY",NA,"Market Price","2010-04-21T13:15:00.000000000-04","Intraday 1Min",120.6116,171550
"227","SPY",NA,"Market Price","2010-04-21T13:16:00.000000000-04","Intraday 1Min",120.57,642069
"228","SPY",NA,"Market Price","2010-04-21T13:17:00.000000000-04","Intraday 1Min",120.63,295597
"229","SPY",NA,"Market Price","2010-04-21T13:18:00.000000000-04","Intraday 1Min",120.61,1148537
"230","SPY",NA,"Market Price","2010-04-21T13:19:00.000000000-04","Intraday 1Min",120.64,51079
"231","SPY",NA,"Market Price","2010-04-21T13:20:00.000000000-04","Intraday 1Min",120.65,173680
"232","SPY",NA,"Market Price","2010-04-21T13:21:00.000000000-04","Intraday 1Min",120.65,81624
"233","SPY",NA,"Market Price","2010-04-21T13:22:00.000000000-04","Intraday 1Min",120.67,212084
"234","SPY",NA,"Market Price","2010-04-21T13:23:00.000000000-04","Intraday 1Min",120.67,88140
"235","SPY",NA,"Market Price","2010-04-21T13:24:00.000000000-04","Intraday 1Min",120.595001,509483
"236","SPY",NA,"Market Price","2010-04-21T13:25:00.000000000-04","Intraday 1Min",120.6201,260673
"237","SPY",NA,"Market Price","2010-04-21T13:26:00.000000000-04","Intraday 1Min",120.62,64548
"238","SPY",NA,"Market Price","2010-04-21T13:27:00.000000000-04","Intraday 1Min",120.65,93935
"239","SPY",NA,"Market Price","2010-04-21T13:28:00.000000000-04","Intraday 1Min",120.68,87394
"240","SPY",NA,"Market Price","2010-04-21T13:29:00.000000000-04","Intraday 1Min",120.67,162348
"241","SPY",NA,"Market Price","2010-04-21T13:30:00.000000000-04","Intraday 1Min",120.7,565222
"242","SPY",NA,"Market Price","2010-04-21T13:31:00.000000000-04","Intraday 1Min",120.7,118028
"243","SPY",NA,"Market Price","2010-04-21T13:32:00.000000000-04","Intraday 1Min",120.69,50102
"244","SPY",NA,"Market Price","2010-04-21T13:33:00.000000000-04","Intraday 1Min",120.74,293665
"245","SPY",NA,"Market Price","2010-04-21T13:34:00.000000000-04","Intraday 1Min",120.74,194825
"246","SPY",NA,"Market Price","2010-04-21T13:35:00.000000000-04","Intraday 1Min",120.72,59416
"247","SPY",NA,"Market Price","2010-04-21T13:36:00.000000000-04","Intraday 1Min",120.69,385120
"248","SPY",NA,"Market Price","2010-04-21T13:37:00.000000000-04","Intraday 1Min",120.74,165214
"249","SPY",NA,"Market Price","2010-04-21T13:38:00.000000000-04","Intraday 1Min",120.74,19126
"250","SPY",NA,"Market Price","2010-04-21T13:39:00.000000000-04","Intraday 1Min",120.724998,124333
"251","SPY",NA,"Market Price","2010-04-21T13:40:00.000000000-04","Intraday 1Min",120.72,24439
"252","SPY",NA,"Market Price","2010-04-21T13:41:00.000000000-04","Intraday 1Min",120.7,366159
"253","SPY",NA,"Market Price","2010-04-21T13:42:00.000000000-04","Intraday 1Min",120.7,198589
"254","SPY",NA,"Market Price","2010-04-21T13:43:00.000000000-04","Intraday 1Min",120.671,110015
"255","SPY",NA,"Market Price","2010-04-21T13:44:00.000000000-04","Intraday 1Min",120.68,73212
"256","SPY",NA,"Market Price","2010-04-21T13:45:00.000000000-04","Intraday 1Min",120.7104,1128614
"257","SPY",NA,"Market Price","2010-04-21T13:46:00.000000000-04","Intraday 1Min",120.74,140635
"258","SPY",NA,"Market Price","2010-04-21T13:47:00.000000000-04","Intraday 1Min",120.7478,68716
"259","SPY",NA,"Market Price","2010-04-21T13:48:00.000000000-04","Intraday 1Min",120.77,350855
"260","SPY",NA,"Market Price","2010-04-21T13:49:00.000000000-04","Intraday 1Min",120.7101,155885
"261","SPY",NA,"Market Price","2010-04-21T13:50:00.000000000-04","Intraday 1Min",120.71,62250
"262","SPY",NA,"Market Price","2010-04-21T13:51:00.000000000-04","Intraday 1Min",120.74,148337
"263","SPY",NA,"Market Price","2010-04-21T13:52:00.000000000-04","Intraday 1Min",120.71,91737
"264","SPY",NA,"Market Price","2010-04-21T13:53:00.000000000-04","Intraday 1Min",120.71,71107
"265","SPY",NA,"Market Price","2010-04-21T13:54:00.000000000-04","Intraday 1Min",120.7201,130376
"266","SPY",NA,"Market Price","2010-04-21T13:55:00.000000000-04","Intraday 1Min",120.77,100704
"267","SPY",NA,"Market Price","2010-04-21T13:56:00.000000000-04","Intraday 1Min",120.79,461946
"268","SPY",NA,"Market Price","2010-04-21T13:57:00.000000000-04","Intraday 1Min",120.73,116665
"269","SPY",NA,"Market Price","2010-04-21T13:58:00.000000000-04","Intraday 1Min",120.7962,255895
"270","SPY",NA,"Market Price","2010-04-21T13:59:00.000000000-04","Intraday 1Min",120.805,283929
"271","SPY",NA,"Market Price","2010-04-21T14:00:00.000000000-04","Intraday 1Min",120.8,166951
"272","SPY",NA,"Market Price","2010-04-21T14:01:00.000000000-04","Intraday 1Min",120.7899,193794
"273","SPY",NA,"Market Price","2010-04-21T14:02:00.000000000-04","Intraday 1Min",120.775002,125057
"274","SPY",NA,"Market Price","2010-04-21T14:03:00.000000000-04","Intraday 1Min",120.73,780890
"275","SPY",NA,"Market Price","2010-04-21T14:04:00.000000000-04","Intraday 1Min",120.72,307075
"276","SPY",NA,"Market Price","2010-04-21T14:05:00.000000000-04","Intraday 1Min",120.64,668749
"277","SPY",NA,"Market Price","2010-04-21T14:06:00.000000000-04","Intraday 1Min",120.66,166542
"278","SPY",NA,"Market Price","2010-04-21T14:07:00.000000000-04","Intraday 1Min",120.67,40340
"279","SPY",NA,"Market Price","2010-04-21T14:08:00.000000000-04","Intraday 1Min",120.65,331673
"280","SPY",NA,"Market Price","2010-04-21T14:09:00.000000000-04","Intraday 1Min",120.64,152438
"281","SPY",NA,"Market Price","2010-04-21T14:10:00.000000000-04","Intraday 1Min",120.56,705033
"282","SPY",NA,"Market Price","2010-04-21T14:11:00.000000000-04","Intraday 1Min",120.58,266000
"283","SPY",NA,"Market Price","2010-04-21T14:12:00.000000000-04","Intraday 1Min",120.54,193147
"284","SPY",NA,"Market Price","2010-04-21T14:13:00.000000000-04","Intraday 1Min",120.55,157170
"285","SPY",NA,"Market Price","2010-04-21T14:14:00.000000000-04","Intraday 1Min",120.5699,477334
"286","SPY",NA,"Market Price","2010-04-21T14:15:00.000000000-04","Intraday 1Min",120.51,346198
"287","SPY",NA,"Market Price","2010-04-21T14:16:00.000000000-04","Intraday 1Min",120.41,622941
"288","SPY",NA,"Market Price","2010-04-21T14:17:00.000000000-04","Intraday 1Min",120.38,595959
"289","SPY",NA,"Market Price","2010-04-21T14:18:00.000000000-04","Intraday 1Min",120.39,364028
"290","SPY",NA,"Market Price","2010-04-21T14:19:00.000000000-04","Intraday 1Min",120.32,938351
"291","SPY",NA,"Market Price","2010-04-21T14:20:00.000000000-04","Intraday 1Min",120.34,1144134
"292","SPY",NA,"Market Price","2010-04-21T14:21:00.000000000-04","Intraday 1Min",120.37,310678
"293","SPY",NA,"Market Price","2010-04-21T14:22:00.000000000-04","Intraday 1Min",120.33,471876
"294","SPY",NA,"Market Price","2010-04-21T14:23:00.000000000-04","Intraday 1Min",120.291,438754
"295","SPY",NA,"Market Price","2010-04-21T14:24:00.000000000-04","Intraday 1Min",120.28,1277528
"296","SPY",NA,"Market Price","2010-04-21T14:25:00.000000000-04","Intraday 1Min",120.25,1004454
"297","SPY",NA,"Market Price","2010-04-21T14:26:00.000000000-04","Intraday 1Min",120.23,662268
"298","SPY",NA,"Market Price","2010-04-21T14:27:00.000000000-04","Intraday 1Min",120.23,406171
"299","SPY",NA,"Market Price","2010-04-21T14:28:00.000000000-04","Intraday 1Min",120.25,418511
"300","SPY",NA,"Market Price","2010-04-21T14:29:00.000000000-04","Intraday 1Min",120.22,561420
"301","SPY",NA,"Market Price","2010-04-21T14:30:00.000000000-04","Intraday 1Min",120.15,833525
"302","SPY",NA,"Market Price","2010-04-21T14:31:00.000000000-04","Intraday 1Min",120.19,580619
"303","SPY",NA,"Market Price","2010-04-21T14:32:00.000000000-04","Intraday 1Min",120.205,779138
"304","SPY",NA,"Market Price","2010-04-21T14:33:00.000000000-04","Intraday 1Min",120.19,799210
"305","SPY",NA,"Market Price","2010-04-21T14:34:00.000000000-04","Intraday 1Min",120.1501,334711
"306","SPY",NA,"Market Price","2010-04-21T14:35:00.000000000-04","Intraday 1Min",120.09,825328
"307","SPY",NA,"Market Price","2010-04-21T14:36:00.000000000-04","Intraday 1Min",120.04,626705
"308","SPY",NA,"Market Price","2010-04-21T14:37:00.000000000-04","Intraday 1Min",120.08,924463
"309","SPY",NA,"Market Price","2010-04-21T14:38:00.000000000-04","Intraday 1Min",120.06,965309
"310","SPY",NA,"Market Price","2010-04-21T14:39:00.000000000-04","Intraday 1Min",120.09,587191
"311","SPY",NA,"Market Price","2010-04-21T14:40:00.000000000-04","Intraday 1Min",120.13,274184
"312","SPY",NA,"Market Price","2010-04-21T14:41:00.000000000-04","Intraday 1Min",120.14,663309
"313","SPY",NA,"Market Price","2010-04-21T14:42:00.000000000-04","Intraday 1Min",120.18,276813
"314","SPY",NA,"Market Price","2010-04-21T14:43:00.000000000-04","Intraday 1Min",120.1799,136429
"315","SPY",NA,"Market Price","2010-04-21T14:44:00.000000000-04","Intraday 1Min",120.17,417627
"316","SPY",NA,"Market Price","2010-04-21T14:45:00.000000000-04","Intraday 1Min",120.15,619106
"317","SPY",NA,"Market Price","2010-04-21T14:46:00.000000000-04","Intraday 1Min",120.13,324807
"318","SPY",NA,"Market Price","2010-04-21T14:47:00.000000000-04","Intraday 1Min",120.17,300495
"319","SPY",NA,"Market Price","2010-04-21T14:48:00.000000000-04","Intraday 1Min",120.23,768747
"320","SPY",NA,"Market Price","2010-04-21T14:49:00.000000000-04","Intraday 1Min",120.191,484919
"321","SPY",NA,"Market Price","2010-04-21T14:50:00.000000000-04","Intraday 1Min",120.17,388554
"322","SPY",NA,"Market Price","2010-04-21T14:51:00.000000000-04","Intraday 1Min",120.17,286763
"323","SPY",NA,"Market Price","2010-04-21T14:52:00.000000000-04","Intraday 1Min",120.22,786713
"324","SPY",NA,"Market Price","2010-04-21T14:53:00.000000000-04","Intraday 1Min",120.211,515200
"325","SPY",NA,"Market Price","2010-04-21T14:54:00.000000000-04","Intraday 1Min",120.24,404949
"326","SPY",NA,"Market Price","2010-04-21T14:55:00.000000000-04","Intraday 1Min",120.2474,120467
"327","SPY",NA,"Market Price","2010-04-21T14:56:00.000000000-04","Intraday 1Min",120.26,561511
"328","SPY",NA,"Market Price","2010-04-21T14:57:00.000000000-04","Intraday 1Min",120.22,227286
"329","SPY",NA,"Market Price","2010-04-21T14:58:00.000000000-04","Intraday 1Min",120.26,304385
"330","SPY",NA,"Market Price","2010-04-21T14:59:00.000000000-04","Intraday 1Min",120.31,697903
"331","SPY",NA,"Market Price","2010-04-21T15:00:00.000000000-04","Intraday 1Min",120.34,1144990
"332","SPY",NA,"Market Price","2010-04-21T15:01:00.000000000-04","Intraday 1Min",120.32,439516
"333","SPY",NA,"Market Price","2010-04-21T15:02:00.000000000-04","Intraday 1Min",120.331,380686
"334","SPY",NA,"Market Price","2010-04-21T15:03:00.000000000-04","Intraday 1Min",120.31,451240
"335","SPY",NA,"Market Price","2010-04-21T15:04:00.000000000-04","Intraday 1Min",120.34,285705
"336","SPY",NA,"Market Price","2010-04-21T15:05:00.000000000-04","Intraday 1Min",120.37,632304
"337","SPY",NA,"Market Price","2010-04-21T15:06:00.000000000-04","Intraday 1Min",120.37,389645
"338","SPY",NA,"Market Price","2010-04-21T15:07:00.000000000-04","Intraday 1Min",120.36,518940
"339","SPY",NA,"Market Price","2010-04-21T15:08:00.000000000-04","Intraday 1Min",120.39,226142
"340","SPY",NA,"Market Price","2010-04-21T15:09:00.000000000-04","Intraday 1Min",120.39,81604
"341","SPY",NA,"Market Price","2010-04-21T15:10:00.000000000-04","Intraday 1Min",120.36,129887
"342","SPY",NA,"Market Price","2010-04-21T15:11:00.000000000-04","Intraday 1Min",120.31,400152
"343","SPY",NA,"Market Price","2010-04-21T15:12:00.000000000-04","Intraday 1Min",120.32,309571
"344","SPY",NA,"Market Price","2010-04-21T15:13:00.000000000-04","Intraday 1Min",120.33,790549
"345","SPY",NA,"Market Price","2010-04-21T15:14:00.000000000-04","Intraday 1Min",120.374,226914
"346","SPY",NA,"Market Price","2010-04-21T15:15:00.000000000-04","Intraday 1Min",120.445,471638
"347","SPY",NA,"Market Price","2010-04-21T15:16:00.000000000-04","Intraday 1Min",120.45,486942
"348","SPY",NA,"Market Price","2010-04-21T15:17:00.000000000-04","Intraday 1Min",120.42,498007
"349","SPY",NA,"Market Price","2010-04-21T15:18:00.000000000-04","Intraday 1Min",120.44,331450
"350","SPY",NA,"Market Price","2010-04-21T15:19:00.000000000-04","Intraday 1Min",120.4499,414660
"351","SPY",NA,"Market Price","2010-04-21T15:20:00.000000000-04","Intraday 1Min",120.34,878728
"352","SPY",NA,"Market Price","2010-04-21T15:21:00.000000000-04","Intraday 1Min",120.3799,402319
"353","SPY",NA,"Market Price","2010-04-21T15:22:00.000000000-04","Intraday 1Min",120.37,278405
"354","SPY",NA,"Market Price","2010-04-21T15:23:00.000000000-04","Intraday 1Min",120.38,341198
"355","SPY",NA,"Market Price","2010-04-21T15:24:00.000000000-04","Intraday 1Min",120.31,752328
"356","SPY",NA,"Market Price","2010-04-21T15:25:00.000000000-04","Intraday 1Min",120.35,271025
"357","SPY",NA,"Market Price","2010-04-21T15:26:00.000000000-04","Intraday 1Min",120.31,350276
"358","SPY",NA,"Market Price","2010-04-21T15:27:00.000000000-04","Intraday 1Min",120.33,244686
"359","SPY",NA,"Market Price","2010-04-21T15:28:00.000000000-04","Intraday 1Min",120.36,188887
"360","SPY",NA,"Market Price","2010-04-21T15:29:00.000000000-04","Intraday 1Min",120.37,344935
"361","SPY",NA,"Market Price","2010-04-21T15:30:00.000000000-04","Intraday 1Min",120.385002,125758
"362","SPY",NA,"Market Price","2010-04-21T15:31:00.000000000-04","Intraday 1Min",120.499,767515
"363","SPY",NA,"Market Price","2010-04-21T15:32:00.000000000-04","Intraday 1Min",120.51,721573
"364","SPY",NA,"Market Price","2010-04-21T15:33:00.000000000-04","Intraday 1Min",120.54,721587
"365","SPY",NA,"Market Price","2010-04-21T15:34:00.000000000-04","Intraday 1Min",120.51,992803
"366","SPY",NA,"Market Price","2010-04-21T15:35:00.000000000-04","Intraday 1Min",120.52,642335
"367","SPY",NA,"Market Price","2010-04-21T15:36:00.000000000-04","Intraday 1Min",120.54,305997
"368","SPY",NA,"Market Price","2010-04-21T15:37:00.000000000-04","Intraday 1Min",120.525,226980
"369","SPY",NA,"Market Price","2010-04-21T15:38:00.000000000-04","Intraday 1Min",120.55,621282
"370","SPY",NA,"Market Price","2010-04-21T15:39:00.000000000-04","Intraday 1Min",120.544998,705273
"371","SPY",NA,"Market Price","2010-04-21T15:40:00.000000000-04","Intraday 1Min",120.515,371313
"372","SPY",NA,"Market Price","2010-04-21T15:41:00.000000000-04","Intraday 1Min",120.5399,737756
"373","SPY",NA,"Market Price","2010-04-21T15:42:00.000000000-04","Intraday 1Min",120.57,407694
"374","SPY",NA,"Market Price","2010-04-21T15:43:00.000000000-04","Intraday 1Min",120.59,1329178
"375","SPY",NA,"Market Price","2010-04-21T15:44:00.000000000-04","Intraday 1Min",120.64,1177539
"376","SPY",NA,"Market Price","2010-04-21T15:45:00.000000000-04","Intraday 1Min",120.7,1221839
"377","SPY",NA,"Market Price","2010-04-21T15:46:00.000000000-04","Intraday 1Min",120.735001,657359
"378","SPY",NA,"Market Price","2010-04-21T15:47:00.000000000-04","Intraday 1Min",120.71,690367
"379","SPY",NA,"Market Price","2010-04-21T15:48:00.000000000-04","Intraday 1Min",120.705002,508304
"380","SPY",NA,"Market Price","2010-04-21T15:49:00.000000000-04","Intraday 1Min",120.708,249658
"381","SPY",NA,"Market Price","2010-04-21T15:50:00.000000000-04","Intraday 1Min",120.68,592603
"382","SPY",NA,"Market Price","2010-04-21T15:51:00.000000000-04","Intraday 1Min",120.69,269152
"383","SPY",NA,"Market Price","2010-04-21T15:52:00.000000000-04","Intraday 1Min",120.72,595013
"384","SPY",NA,"Market Price","2010-04-21T15:53:00.000000000-04","Intraday 1Min",120.72,474450
"385","SPY",NA,"Market Price","2010-04-21T15:54:00.000000000-04","Intraday 1Min",120.699997,885740
"386","SPY",NA,"Market Price","2010-04-21T15:55:00.000000000-04","Intraday 1Min",120.71,520772
"387","SPY",NA,"Market Price","2010-04-21T15:56:00.000000000-04","Intraday 1Min",120.745,748536
"388","SPY",NA,"Market Price","2010-04-21T15:57:00.000000000-04","Intraday 1Min",120.7,700503
"389","SPY",NA,"Market Price","2010-04-21T15:58:00.000000000-04","Intraday 1Min",120.7025,769187
"390","SPY",NA,"Market Price","2010-04-21T15:59:00.000000000-04","Intraday 1Min",120.65,2248098
