"","X.RIC","Alias.Underlying.RIC","Domain","Date.Time","Type","Last","Volume"
"1","SPY",NA,"Market Price","2010-04-15T09:30:00.000000000-04","Intraday 1Min",121,1113367
"2","SPY",NA,"Market Price","2010-04-15T09:31:00.000000000-04","Intraday 1Min",120.97,777372
"3","SPY",NA,"Market Price","2010-04-15T09:32:00.000000000-04","Intraday 1Min",121.05,585416
"4","SPY",NA,"Market Price","2010-04-15T09:33:00.000000000-04","Intraday 1Min",121.05,482584
"5","SPY",NA,"Market Price","2010-04-15T09:34:00.000000000-04","Intraday 1Min",121.04,643190
"6","SPY",NA,"Market Price","2010-04-15T09:35:00.000000000-04","Intraday 1Min",121.02,515003
"7","SPY",NA,"Market Price","2010-04-15T09:36:00.000000000-04","Intraday 1Min",121.02,1338120
"8","SPY",NA,"Market Price","2010-04-15T09:37:00.000000000-04","Intraday 1Min",121.019997,350759
"9","SPY",NA,"Market Price","2010-04-15T09:38:00.000000000-04","Intraday 1Min",121,399526
"10","SPY",NA,"Market Price","2010-04-15T09:39:00.000000000-04","Intraday 1Min",121.06,409691
"11","SPY",NA,"Market Price","2010-04-15T09:40:00.000000000-04","Intraday 1Min",121.0774,375614
"12","SPY",NA,"Market Price","2010-04-15T09:41:00.000000000-04","Intraday 1Min",121.07,194449
"13","SPY",NA,"Market Price","2010-04-15T09:42:00.000000000-04","Intraday 1Min",121.08,440083
"14","SPY",NA,"Market Price","2010-04-15T09:43:00.000000000-04","Intraday 1Min",121.08,239132
"15","SPY",NA,"Market Price","2010-04-15T09:44:00.000000000-04","Intraday 1Min",121.0799,508525
"16","SPY",NA,"Market Price","2010-04-15T09:45:00.000000000-04","Intraday 1Min",121.0701,914174
"17","SPY",NA,"Market Price","2010-04-15T09:46:00.000000000-04","Intraday 1Min",121.08,405720
"18","SPY",NA,"Market Price","2010-04-15T09:47:00.000000000-04","Intraday 1Min",121.07,481660
"19","SPY",NA,"Market Price","2010-04-15T09:48:00.000000000-04","Intraday 1Min",121.0499,372655
"20","SPY",NA,"Market Price","2010-04-15T09:49:00.000000000-04","Intraday 1Min",121.0705,141019
"21","SPY",NA,"Market Price","2010-04-15T09:50:00.000000000-04","Intraday 1Min",121.08,180288
"22","SPY",NA,"Market Price","2010-04-15T09:51:00.000000000-04","Intraday 1Min",121.09,93706
"23","SPY",NA,"Market Price","2010-04-15T09:52:00.000000000-04","Intraday 1Min",121.09,176608
"24","SPY",NA,"Market Price","2010-04-15T09:53:00.000000000-04","Intraday 1Min",121.08,129223
"25","SPY",NA,"Market Price","2010-04-15T09:54:00.000000000-04","Intraday 1Min",121.08,181171
"26","SPY",NA,"Market Price","2010-04-15T09:55:00.000000000-04","Intraday 1Min",121.07,338884
"27","SPY",NA,"Market Price","2010-04-15T09:56:00.000000000-04","Intraday 1Min",121.0401,292534
"28","SPY",NA,"Market Price","2010-04-15T09:57:00.000000000-04","Intraday 1Min",121.03,370614
"29","SPY",NA,"Market Price","2010-04-15T09:58:00.000000000-04","Intraday 1Min",121.015,122628
"30","SPY",NA,"Market Price","2010-04-15T09:59:00.000000000-04","Intraday 1Min",121.05,585646
"31","SPY",NA,"Market Price","2010-04-15T10:00:00.000000000-04","Intraday 1Min",121.04,674756
"32","SPY",NA,"Market Price","2010-04-15T10:01:00.000000000-04","Intraday 1Min",120.97,685363
"33","SPY",NA,"Market Price","2010-04-15T10:02:00.000000000-04","Intraday 1Min",121.02,316223
"34","SPY",NA,"Market Price","2010-04-15T10:03:00.000000000-04","Intraday 1Min",121.04,266061
"35","SPY",NA,"Market Price","2010-04-15T10:04:00.000000000-04","Intraday 1Min",121.1,257566
"36","SPY",NA,"Market Price","2010-04-15T10:05:00.000000000-04","Intraday 1Min",121.16,353454
"37","SPY",NA,"Market Price","2010-04-15T10:06:00.000000000-04","Intraday 1Min",121.16,334386
"38","SPY",NA,"Market Price","2010-04-15T10:07:00.000000000-04","Intraday 1Min",121.21,765042
"39","SPY",NA,"Market Price","2010-04-15T10:08:00.000000000-04","Intraday 1Min",121.2,545031
"40","SPY",NA,"Market Price","2010-04-15T10:09:00.000000000-04","Intraday 1Min",121.21,173705
"41","SPY",NA,"Market Price","2010-04-15T10:10:00.000000000-04","Intraday 1Min",121.220001,396011
"42","SPY",NA,"Market Price","2010-04-15T10:11:00.000000000-04","Intraday 1Min",121.23,244695
"43","SPY",NA,"Market Price","2010-04-15T10:12:00.000000000-04","Intraday 1Min",121.18,583320
"44","SPY",NA,"Market Price","2010-04-15T10:13:00.000000000-04","Intraday 1Min",121.18,171714
"45","SPY",NA,"Market Price","2010-04-15T10:14:00.000000000-04","Intraday 1Min",121.18,235263
"46","SPY",NA,"Market Price","2010-04-15T10:15:00.000000000-04","Intraday 1Min",121.22,842645
"47","SPY",NA,"Market Price","2010-04-15T10:16:00.000000000-04","Intraday 1Min",121.2,582957
"48","SPY",NA,"Market Price","2010-04-15T10:17:00.000000000-04","Intraday 1Min",121.18,611113
"49","SPY",NA,"Market Price","2010-04-15T10:18:00.000000000-04","Intraday 1Min",121.1926,361657
"50","SPY",NA,"Market Price","2010-04-15T10:19:00.000000000-04","Intraday 1Min",121.2,43790
"51","SPY",NA,"Market Price","2010-04-15T10:20:00.000000000-04","Intraday 1Min",121.195,531815
"52","SPY",NA,"Market Price","2010-04-15T10:21:00.000000000-04","Intraday 1Min",121.21,299340
"53","SPY",NA,"Market Price","2010-04-15T10:22:00.000000000-04","Intraday 1Min",121.25,275029
"54","SPY",NA,"Market Price","2010-04-15T10:23:00.000000000-04","Intraday 1Min",121.22,297262
"55","SPY",NA,"Market Price","2010-04-15T10:24:00.000000000-04","Intraday 1Min",121.26,105782
"56","SPY",NA,"Market Price","2010-04-15T10:25:00.000000000-04","Intraday 1Min",121.27,502477
"57","SPY",NA,"Market Price","2010-04-15T10:26:00.000000000-04","Intraday 1Min",121.25,376352
"58","SPY",NA,"Market Price","2010-04-15T10:27:00.000000000-04","Intraday 1Min",121.24,256386
"59","SPY",NA,"Market Price","2010-04-15T10:28:00.000000000-04","Intraday 1Min",121.23,612239
"60","SPY",NA,"Market Price","2010-04-15T10:29:00.000000000-04","Intraday 1Min",121.211,201774
"61","SPY",NA,"Market Price","2010-04-15T10:30:00.000000000-04","Intraday 1Min",121.2,250523
"62","SPY",NA,"Market Price","2010-04-15T10:31:00.000000000-04","Intraday 1Min",121.26,356488
"63","SPY",NA,"Market Price","2010-04-15T10:32:00.000000000-04","Intraday 1Min",121.24,186676
"64","SPY",NA,"Market Price","2010-04-15T10:33:00.000000000-04","Intraday 1Min",121.26,451549
"65","SPY",NA,"Market Price","2010-04-15T10:34:00.000000000-04","Intraday 1Min",121.27,242732
"66","SPY",NA,"Market Price","2010-04-15T10:35:00.000000000-04","Intraday 1Min",121.28,248909
"67","SPY",NA,"Market Price","2010-04-15T10:36:00.000000000-04","Intraday 1Min",121.35,1318544
"68","SPY",NA,"Market Price","2010-04-15T10:37:00.000000000-04","Intraday 1Min",121.32,507729
"69","SPY",NA,"Market Price","2010-04-15T10:38:00.000000000-04","Intraday 1Min",121.32,299826
"70","SPY",NA,"Market Price","2010-04-15T10:39:00.000000000-04","Intraday 1Min",121.32,325983
"71","SPY",NA,"Market Price","2010-04-15T10:40:00.000000000-04","Intraday 1Min",121.32,231657
"72","SPY",NA,"Market Price","2010-04-15T10:41:00.000000000-04","Intraday 1Min",121.4,629248
"73","SPY",NA,"Market Price","2010-04-15T10:42:00.000000000-04","Intraday 1Min",121.41,510565
"74","SPY",NA,"Market Price","2010-04-15T10:43:00.000000000-04","Intraday 1Min",121.46,541144
"75","SPY",NA,"Market Price","2010-04-15T10:44:00.000000000-04","Intraday 1Min",121.45,797791
"76","SPY",NA,"Market Price","2010-04-15T10:45:00.000000000-04","Intraday 1Min",121.48,444461
"77","SPY",NA,"Market Price","2010-04-15T10:46:00.000000000-04","Intraday 1Min",121.42,775592
"78","SPY",NA,"Market Price","2010-04-15T10:47:00.000000000-04","Intraday 1Min",121.3799,435297
"79","SPY",NA,"Market Price","2010-04-15T10:48:00.000000000-04","Intraday 1Min",121.39,559411
"80","SPY",NA,"Market Price","2010-04-15T10:49:00.000000000-04","Intraday 1Min",121.42,589589
"81","SPY",NA,"Market Price","2010-04-15T10:50:00.000000000-04","Intraday 1Min",121.448,661651
"82","SPY",NA,"Market Price","2010-04-15T10:51:00.000000000-04","Intraday 1Min",121.44,526084
"83","SPY",NA,"Market Price","2010-04-15T10:52:00.000000000-04","Intraday 1Min",121.44,253915
"84","SPY",NA,"Market Price","2010-04-15T10:53:00.000000000-04","Intraday 1Min",121.4474,102319
"85","SPY",NA,"Market Price","2010-04-15T10:54:00.000000000-04","Intraday 1Min",121.44,257158
"86","SPY",NA,"Market Price","2010-04-15T10:55:00.000000000-04","Intraday 1Min",121.45,232515
"87","SPY",NA,"Market Price","2010-04-15T10:56:00.000000000-04","Intraday 1Min",121.45,78331
"88","SPY",NA,"Market Price","2010-04-15T10:57:00.000000000-04","Intraday 1Min",121.45,138373
"89","SPY",NA,"Market Price","2010-04-15T10:58:00.000000000-04","Intraday 1Min",121.45,150890
"90","SPY",NA,"Market Price","2010-04-15T10:59:00.000000000-04","Intraday 1Min",121.47,543637
"91","SPY",NA,"Market Price","2010-04-15T11:00:00.000000000-04","Intraday 1Min",121.47,230730
"92","SPY",NA,"Market Price","2010-04-15T11:01:00.000000000-04","Intraday 1Min",121.47,128282
"93","SPY",NA,"Market Price","2010-04-15T11:02:00.000000000-04","Intraday 1Min",121.5,630751
"94","SPY",NA,"Market Price","2010-04-15T11:03:00.000000000-04","Intraday 1Min",121.51,388986
"95","SPY",NA,"Market Price","2010-04-15T11:04:00.000000000-04","Intraday 1Min",121.502,821974
"96","SPY",NA,"Market Price","2010-04-15T11:05:00.000000000-04","Intraday 1Min",121.5,293730
"97","SPY",NA,"Market Price","2010-04-15T11:06:00.000000000-04","Intraday 1Min",121.5,842619
"98","SPY",NA,"Market Price","2010-04-15T11:07:00.000000000-04","Intraday 1Min",121.46,247184
"99","SPY",NA,"Market Price","2010-04-15T11:08:00.000000000-04","Intraday 1Min",121.48,178089
"100","SPY",NA,"Market Price","2010-04-15T11:09:00.000000000-04","Intraday 1Min",121.4799,29762
"101","SPY",NA,"Market Price","2010-04-15T11:10:00.000000000-04","Intraday 1Min",121.48,110190
"102","SPY",NA,"Market Price","2010-04-15T11:11:00.000000000-04","Intraday 1Min",121.47,148204
"103","SPY",NA,"Market Price","2010-04-15T11:12:00.000000000-04","Intraday 1Min",121.42,228752
"104","SPY",NA,"Market Price","2010-04-15T11:13:00.000000000-04","Intraday 1Min",121.39,873342
"105","SPY",NA,"Market Price","2010-04-15T11:14:00.000000000-04","Intraday 1Min",121.38,383605
"106","SPY",NA,"Market Price","2010-04-15T11:15:00.000000000-04","Intraday 1Min",121.39,501087
"107","SPY",NA,"Market Price","2010-04-15T11:16:00.000000000-04","Intraday 1Min",121.36,568067
"108","SPY",NA,"Market Price","2010-04-15T11:17:00.000000000-04","Intraday 1Min",121.34,434404
"109","SPY",NA,"Market Price","2010-04-15T11:18:00.000000000-04","Intraday 1Min",121.31,188479
"110","SPY",NA,"Market Price","2010-04-15T11:19:00.000000000-04","Intraday 1Min",121.33,647304
"111","SPY",NA,"Market Price","2010-04-15T11:20:00.000000000-04","Intraday 1Min",121.3,1559625
"112","SPY",NA,"Market Price","2010-04-15T11:21:00.000000000-04","Intraday 1Min",121.3201,298778
"113","SPY",NA,"Market Price","2010-04-15T11:22:00.000000000-04","Intraday 1Min",121.36,312319
"114","SPY",NA,"Market Price","2010-04-15T11:23:00.000000000-04","Intraday 1Min",121.33,268020
"115","SPY",NA,"Market Price","2010-04-15T11:24:00.000000000-04","Intraday 1Min",121.33,204270
"116","SPY",NA,"Market Price","2010-04-15T11:25:00.000000000-04","Intraday 1Min",121.32,121458
"117","SPY",NA,"Market Price","2010-04-15T11:26:00.000000000-04","Intraday 1Min",121.305,143528
"118","SPY",NA,"Market Price","2010-04-15T11:27:00.000000000-04","Intraday 1Min",121.2,1102693
"119","SPY",NA,"Market Price","2010-04-15T11:28:00.000000000-04","Intraday 1Min",121.2,857767
"120","SPY",NA,"Market Price","2010-04-15T11:29:00.000000000-04","Intraday 1Min",121.21,729346
"121","SPY",NA,"Market Price","2010-04-15T11:30:00.000000000-04","Intraday 1Min",121.21,300895
"122","SPY",NA,"Market Price","2010-04-15T11:31:00.000000000-04","Intraday 1Min",121.16,349297
"123","SPY",NA,"Market Price","2010-04-15T11:32:00.000000000-04","Intraday 1Min",121.13,872153
"124","SPY",NA,"Market Price","2010-04-15T11:33:00.000000000-04","Intraday 1Min",121.15,195173
"125","SPY",NA,"Market Price","2010-04-15T11:34:00.000000000-04","Intraday 1Min",121.2,228907
"126","SPY",NA,"Market Price","2010-04-15T11:35:00.000000000-04","Intraday 1Min",121.2099,168200
"127","SPY",NA,"Market Price","2010-04-15T11:36:00.000000000-04","Intraday 1Min",121.2567,441087
"128","SPY",NA,"Market Price","2010-04-15T11:37:00.000000000-04","Intraday 1Min",121.25,320657
"129","SPY",NA,"Market Price","2010-04-15T11:38:00.000000000-04","Intraday 1Min",121.269997,227464
"130","SPY",NA,"Market Price","2010-04-15T11:39:00.000000000-04","Intraday 1Min",121.27,96917
"131","SPY",NA,"Market Price","2010-04-15T11:40:00.000000000-04","Intraday 1Min",121.27,203311
"132","SPY",NA,"Market Price","2010-04-15T11:41:00.000000000-04","Intraday 1Min",121.2299,176392
"133","SPY",NA,"Market Price","2010-04-15T11:42:00.000000000-04","Intraday 1Min",121.22,244434
"134","SPY",NA,"Market Price","2010-04-15T11:43:00.000000000-04","Intraday 1Min",121.21,486084
"135","SPY",NA,"Market Price","2010-04-15T11:44:00.000000000-04","Intraday 1Min",121.18,388579
"136","SPY",NA,"Market Price","2010-04-15T11:45:00.000000000-04","Intraday 1Min",121.15,359250
"137","SPY",NA,"Market Price","2010-04-15T11:46:00.000000000-04","Intraday 1Min",121.18,426887
"138","SPY",NA,"Market Price","2010-04-15T11:47:00.000000000-04","Intraday 1Min",121.071,602018
"139","SPY",NA,"Market Price","2010-04-15T11:48:00.000000000-04","Intraday 1Min",121.08,531419
"140","SPY",NA,"Market Price","2010-04-15T11:49:00.000000000-04","Intraday 1Min",121.09,308870
"141","SPY",NA,"Market Price","2010-04-15T11:50:00.000000000-04","Intraday 1Min",121.09,659366
"142","SPY",NA,"Market Price","2010-04-15T11:51:00.000000000-04","Intraday 1Min",121.09,200362
"143","SPY",NA,"Market Price","2010-04-15T11:52:00.000000000-04","Intraday 1Min",121.09,271946
"144","SPY",NA,"Market Price","2010-04-15T11:53:00.000000000-04","Intraday 1Min",121.12,187629
"145","SPY",NA,"Market Price","2010-04-15T11:54:00.000000000-04","Intraday 1Min",121.11,172944
"146","SPY",NA,"Market Price","2010-04-15T11:55:00.000000000-04","Intraday 1Min",121.08,403790
"147","SPY",NA,"Market Price","2010-04-15T11:56:00.000000000-04","Intraday 1Min",121.04,1002334
"148","SPY",NA,"Market Price","2010-04-15T11:57:00.000000000-04","Intraday 1Min",121.05,464215
"149","SPY",NA,"Market Price","2010-04-15T11:58:00.000000000-04","Intraday 1Min",121.035,335982
"150","SPY",NA,"Market Price","2010-04-15T11:59:00.000000000-04","Intraday 1Min",121.09,613891
"151","SPY",NA,"Market Price","2010-04-15T12:00:00.000000000-04","Intraday 1Min",121.04,294629
"152","SPY",NA,"Market Price","2010-04-15T12:01:00.000000000-04","Intraday 1Min",121.02,434593
"153","SPY",NA,"Market Price","2010-04-15T12:02:00.000000000-04","Intraday 1Min",121.01,754324
"154","SPY",NA,"Market Price","2010-04-15T12:03:00.000000000-04","Intraday 1Min",121.01,727896
"155","SPY",NA,"Market Price","2010-04-15T12:04:00.000000000-04","Intraday 1Min",121.05,437531
"156","SPY",NA,"Market Price","2010-04-15T12:05:00.000000000-04","Intraday 1Min",121,1362087
"157","SPY",NA,"Market Price","2010-04-15T12:06:00.000000000-04","Intraday 1Min",121.0399,458713
"158","SPY",NA,"Market Price","2010-04-15T12:07:00.000000000-04","Intraday 1Min",121.0783,140767
"159","SPY",NA,"Market Price","2010-04-15T12:08:00.000000000-04","Intraday 1Min",121.06,364733
"160","SPY",NA,"Market Price","2010-04-15T12:09:00.000000000-04","Intraday 1Min",121.05,198270
"161","SPY",NA,"Market Price","2010-04-15T12:10:00.000000000-04","Intraday 1Min",120.97,598969
"162","SPY",NA,"Market Price","2010-04-15T12:11:00.000000000-04","Intraday 1Min",121.05,637850
"163","SPY",NA,"Market Price","2010-04-15T12:12:00.000000000-04","Intraday 1Min",121.03,179726
"164","SPY",NA,"Market Price","2010-04-15T12:13:00.000000000-04","Intraday 1Min",121.12,582433
"165","SPY",NA,"Market Price","2010-04-15T12:14:00.000000000-04","Intraday 1Min",121.1283,341337
"166","SPY",NA,"Market Price","2010-04-15T12:15:00.000000000-04","Intraday 1Min",121.12,178829
"167","SPY",NA,"Market Price","2010-04-15T12:16:00.000000000-04","Intraday 1Min",121.12,48055
"168","SPY",NA,"Market Price","2010-04-15T12:17:00.000000000-04","Intraday 1Min",121.12,120577
"169","SPY",NA,"Market Price","2010-04-15T12:18:00.000000000-04","Intraday 1Min",121.17,212419
"170","SPY",NA,"Market Price","2010-04-15T12:19:00.000000000-04","Intraday 1Min",121.15,414529
"171","SPY",NA,"Market Price","2010-04-15T12:20:00.000000000-04","Intraday 1Min",121.17,148725
"172","SPY",NA,"Market Price","2010-04-15T12:21:00.000000000-04","Intraday 1Min",121.2,446474
"173","SPY",NA,"Market Price","2010-04-15T12:22:00.000000000-04","Intraday 1Min",121.1599,163765
"174","SPY",NA,"Market Price","2010-04-15T12:23:00.000000000-04","Intraday 1Min",121.07,334207
"175","SPY",NA,"Market Price","2010-04-15T12:24:00.000000000-04","Intraday 1Min",121.1096,131369
"176","SPY",NA,"Market Price","2010-04-15T12:25:00.000000000-04","Intraday 1Min",121.07,431894
"177","SPY",NA,"Market Price","2010-04-15T12:26:00.000000000-04","Intraday 1Min",121.05,137850
"178","SPY",NA,"Market Price","2010-04-15T12:27:00.000000000-04","Intraday 1Min",121.07,183787
"179","SPY",NA,"Market Price","2010-04-15T12:28:00.000000000-04","Intraday 1Min",121.08,163353
"180","SPY",NA,"Market Price","2010-04-15T12:29:00.000000000-04","Intraday 1Min",121.08,100030
"181","SPY",NA,"Market Price","2010-04-15T12:30:00.000000000-04","Intraday 1Min",121.04,265680
"182","SPY",NA,"Market Price","2010-04-15T12:31:00.000000000-04","Intraday 1Min",121.07,93883
"183","SPY",NA,"Market Price","2010-04-15T12:32:00.000000000-04","Intraday 1Min",121.05,121126
"184","SPY",NA,"Market Price","2010-04-15T12:33:00.000000000-04","Intraday 1Min",121.065,189898
"185","SPY",NA,"Market Price","2010-04-15T12:34:00.000000000-04","Intraday 1Min",121.075,98397
"186","SPY",NA,"Market Price","2010-04-15T12:35:00.000000000-04","Intraday 1Min",121.085,157166
"187","SPY",NA,"Market Price","2010-04-15T12:36:00.000000000-04","Intraday 1Min",121.06,96618
"188","SPY",NA,"Market Price","2010-04-15T12:37:00.000000000-04","Intraday 1Min",121.09,64609
"189","SPY",NA,"Market Price","2010-04-15T12:38:00.000000000-04","Intraday 1Min",121.1,448695
"190","SPY",NA,"Market Price","2010-04-15T12:39:00.000000000-04","Intraday 1Min",121.12,143338
"191","SPY",NA,"Market Price","2010-04-15T12:40:00.000000000-04","Intraday 1Min",121.12,328213
"192","SPY",NA,"Market Price","2010-04-15T12:41:00.000000000-04","Intraday 1Min",121.09,86329
"193","SPY",NA,"Market Price","2010-04-15T12:42:00.000000000-04","Intraday 1Min",121.07,37530
"194","SPY",NA,"Market Price","2010-04-15T12:43:00.000000000-04","Intraday 1Min",121.09,462205
"195","SPY",NA,"Market Price","2010-04-15T12:44:00.000000000-04","Intraday 1Min",121.08,44160
"196","SPY",NA,"Market Price","2010-04-15T12:45:00.000000000-04","Intraday 1Min",121.1,171356
"197","SPY",NA,"Market Price","2010-04-15T12:46:00.000000000-04","Intraday 1Min",121.09,79354
"198","SPY",NA,"Market Price","2010-04-15T12:47:00.000000000-04","Intraday 1Min",121.129997,262211
"199","SPY",NA,"Market Price","2010-04-15T12:48:00.000000000-04","Intraday 1Min",121.12,70413
"200","SPY",NA,"Market Price","2010-04-15T12:49:00.000000000-04","Intraday 1Min",121.125,59411
"201","SPY",NA,"Market Price","2010-04-15T12:50:00.000000000-04","Intraday 1Min",121.1299,476541
"202","SPY",NA,"Market Price","2010-04-15T12:51:00.000000000-04","Intraday 1Min",121.1325,43208
"203","SPY",NA,"Market Price","2010-04-15T12:52:00.000000000-04","Intraday 1Min",121.15,103846
"204","SPY",NA,"Market Price","2010-04-15T12:53:00.000000000-04","Intraday 1Min",121.1399,64685
"205","SPY",NA,"Market Price","2010-04-15T12:54:00.000000000-04","Intraday 1Min",121.14,65817
"206","SPY",NA,"Market Price","2010-04-15T12:55:00.000000000-04","Intraday 1Min",121.1626,180863
"207","SPY",NA,"Market Price","2010-04-15T12:56:00.000000000-04","Intraday 1Min",121.16,26750
"208","SPY",NA,"Market Price","2010-04-15T12:57:00.000000000-04","Intraday 1Min",121.18,219506
"209","SPY",NA,"Market Price","2010-04-15T12:58:00.000000000-04","Intraday 1Min",121.17,106665
"210","SPY",NA,"Market Price","2010-04-15T12:59:00.000000000-04","Intraday 1Min",121.2,172230
"211","SPY",NA,"Market Price","2010-04-15T13:00:00.000000000-04","Intraday 1Min",121.18,969502
"212","SPY",NA,"Market Price","2010-04-15T13:01:00.000000000-04","Intraday 1Min",121.17,99409
"213","SPY",NA,"Market Price","2010-04-15T13:02:00.000000000-04","Intraday 1Min",121.171,1201521
"214","SPY",NA,"Market Price","2010-04-15T13:03:00.000000000-04","Intraday 1Min",121.2,93088
"215","SPY",NA,"Market Price","2010-04-15T13:04:00.000000000-04","Intraday 1Min",121.161,170403
"216","SPY",NA,"Market Price","2010-04-15T13:05:00.000000000-04","Intraday 1Min",121.175,255165
"217","SPY",NA,"Market Price","2010-04-15T13:06:00.000000000-04","Intraday 1Min",121.19,87880
"218","SPY",NA,"Market Price","2010-04-15T13:07:00.000000000-04","Intraday 1Min",121.19,31710
"219","SPY",NA,"Market Price","2010-04-15T13:08:00.000000000-04","Intraday 1Min",121.2,15190
"220","SPY",NA,"Market Price","2010-04-15T13:09:00.000000000-04","Intraday 1Min",121.23,246176
"221","SPY",NA,"Market Price","2010-04-15T13:10:00.000000000-04","Intraday 1Min",121.24,350857
"222","SPY",NA,"Market Price","2010-04-15T13:11:00.000000000-04","Intraday 1Min",121.3,508367
"223","SPY",NA,"Market Price","2010-04-15T13:12:00.000000000-04","Intraday 1Min",121.3,325483
"224","SPY",NA,"Market Price","2010-04-15T13:13:00.000000000-04","Intraday 1Min",121.29,438209
"225","SPY",NA,"Market Price","2010-04-15T13:14:00.000000000-04","Intraday 1Min",121.29,117046
"226","SPY",NA,"Market Price","2010-04-15T13:15:00.000000000-04","Intraday 1Min",121.29,199147
"227","SPY",NA,"Market Price","2010-04-15T13:16:00.000000000-04","Intraday 1Min",121.29,37779
"228","SPY",NA,"Market Price","2010-04-15T13:17:00.000000000-04","Intraday 1Min",121.29,272952
"229","SPY",NA,"Market Price","2010-04-15T13:18:00.000000000-04","Intraday 1Min",121.29,181445
"230","SPY",NA,"Market Price","2010-04-15T13:19:00.000000000-04","Intraday 1Min",121.31,83147
"231","SPY",NA,"Market Price","2010-04-15T13:20:00.000000000-04","Intraday 1Min",121.3499,580284
"232","SPY",NA,"Market Price","2010-04-15T13:21:00.000000000-04","Intraday 1Min",121.36,1309233
"233","SPY",NA,"Market Price","2010-04-15T13:22:00.000000000-04","Intraday 1Min",121.34,95018
"234","SPY",NA,"Market Price","2010-04-15T13:23:00.000000000-04","Intraday 1Min",121.36,96843
"235","SPY",NA,"Market Price","2010-04-15T13:24:00.000000000-04","Intraday 1Min",121.349998,68664
"236","SPY",NA,"Market Price","2010-04-15T13:25:00.000000000-04","Intraday 1Min",121.41,343379
"237","SPY",NA,"Market Price","2010-04-15T13:26:00.000000000-04","Intraday 1Min",121.39,185529
"238","SPY",NA,"Market Price","2010-04-15T13:27:00.000000000-04","Intraday 1Min",121.42,148608
"239","SPY",NA,"Market Price","2010-04-15T13:28:00.000000000-04","Intraday 1Min",121.42,58865
"240","SPY",NA,"Market Price","2010-04-15T13:29:00.000000000-04","Intraday 1Min",121.42,76055
"241","SPY",NA,"Market Price","2010-04-15T13:30:00.000000000-04","Intraday 1Min",121.38,199687
"242","SPY",NA,"Market Price","2010-04-15T13:31:00.000000000-04","Intraday 1Min",121.41,368452
"243","SPY",NA,"Market Price","2010-04-15T13:32:00.000000000-04","Intraday 1Min",121.41,32627
"244","SPY",NA,"Market Price","2010-04-15T13:33:00.000000000-04","Intraday 1Min",121.38,262760
"245","SPY",NA,"Market Price","2010-04-15T13:34:00.000000000-04","Intraday 1Min",121.3843,42695
"246","SPY",NA,"Market Price","2010-04-15T13:35:00.000000000-04","Intraday 1Min",121.4,250557
"247","SPY",NA,"Market Price","2010-04-15T13:36:00.000000000-04","Intraday 1Min",121.39,143761
"248","SPY",NA,"Market Price","2010-04-15T13:37:00.000000000-04","Intraday 1Min",121.39,80549
"249","SPY",NA,"Market Price","2010-04-15T13:38:00.000000000-04","Intraday 1Min",121.4,71295
"250","SPY",NA,"Market Price","2010-04-15T13:39:00.000000000-04","Intraday 1Min",121.42,290021
"251","SPY",NA,"Market Price","2010-04-15T13:40:00.000000000-04","Intraday 1Min",121.42,126674
"252","SPY",NA,"Market Price","2010-04-15T13:41:00.000000000-04","Intraday 1Min",121.42,20437
"253","SPY",NA,"Market Price","2010-04-15T13:42:00.000000000-04","Intraday 1Min",121.41,193601
"254","SPY",NA,"Market Price","2010-04-15T13:43:00.000000000-04","Intraday 1Min",121.41,90647
"255","SPY",NA,"Market Price","2010-04-15T13:44:00.000000000-04","Intraday 1Min",121.42,193350
"256","SPY",NA,"Market Price","2010-04-15T13:45:00.000000000-04","Intraday 1Min",121.42,283418
"257","SPY",NA,"Market Price","2010-04-15T13:46:00.000000000-04","Intraday 1Min",121.3599,235264
"258","SPY",NA,"Market Price","2010-04-15T13:47:00.000000000-04","Intraday 1Min",121.36,250001
"259","SPY",NA,"Market Price","2010-04-15T13:48:00.000000000-04","Intraday 1Min",121.37,47869
"260","SPY",NA,"Market Price","2010-04-15T13:49:00.000000000-04","Intraday 1Min",121.35,155132
"261","SPY",NA,"Market Price","2010-04-15T13:50:00.000000000-04","Intraday 1Min",121.3,600260
"262","SPY",NA,"Market Price","2010-04-15T13:51:00.000000000-04","Intraday 1Min",121.32,115274
"263","SPY",NA,"Market Price","2010-04-15T13:52:00.000000000-04","Intraday 1Min",121.32,26713
"264","SPY",NA,"Market Price","2010-04-15T13:53:00.000000000-04","Intraday 1Min",121.3199,42876
"265","SPY",NA,"Market Price","2010-04-15T13:54:00.000000000-04","Intraday 1Min",121.3701,222767
"266","SPY",NA,"Market Price","2010-04-15T13:55:00.000000000-04","Intraday 1Min",121.34,104431
"267","SPY",NA,"Market Price","2010-04-15T13:56:00.000000000-04","Intraday 1Min",121.34,238633
"268","SPY",NA,"Market Price","2010-04-15T13:57:00.000000000-04","Intraday 1Min",121.37,319768
"269","SPY",NA,"Market Price","2010-04-15T13:58:00.000000000-04","Intraday 1Min",121.35,146458
"270","SPY",NA,"Market Price","2010-04-15T13:59:00.000000000-04","Intraday 1Min",121.36,72605
"271","SPY",NA,"Market Price","2010-04-15T14:00:00.000000000-04","Intraday 1Min",121.36,91482
"272","SPY",NA,"Market Price","2010-04-15T14:01:00.000000000-04","Intraday 1Min",121.37,164507
"273","SPY",NA,"Market Price","2010-04-15T14:02:00.000000000-04","Intraday 1Min",121.42,222265
"274","SPY",NA,"Market Price","2010-04-15T14:03:00.000000000-04","Intraday 1Min",121.3801,273400
"275","SPY",NA,"Market Price","2010-04-15T14:04:00.000000000-04","Intraday 1Min",121.4,385116
"276","SPY",NA,"Market Price","2010-04-15T14:05:00.000000000-04","Intraday 1Min",121.44,279344
"277","SPY",NA,"Market Price","2010-04-15T14:06:00.000000000-04","Intraday 1Min",121.45,204745
"278","SPY",NA,"Market Price","2010-04-15T14:07:00.000000000-04","Intraday 1Min",121.45,116511
"279","SPY",NA,"Market Price","2010-04-15T14:08:00.000000000-04","Intraday 1Min",121.4,341434
"280","SPY",NA,"Market Price","2010-04-15T14:09:00.000000000-04","Intraday 1Min",121.37,192117
"281","SPY",NA,"Market Price","2010-04-15T14:10:00.000000000-04","Intraday 1Min",121.36,113729
"282","SPY",NA,"Market Price","2010-04-15T14:11:00.000000000-04","Intraday 1Min",121.33,160119
"283","SPY",NA,"Market Price","2010-04-15T14:12:00.000000000-04","Intraday 1Min",121.39,286658
"284","SPY",NA,"Market Price","2010-04-15T14:13:00.000000000-04","Intraday 1Min",121.37,83773
"285","SPY",NA,"Market Price","2010-04-15T14:14:00.000000000-04","Intraday 1Min",121.375,162915
"286","SPY",NA,"Market Price","2010-04-15T14:15:00.000000000-04","Intraday 1Min",121.38,23300
"287","SPY",NA,"Market Price","2010-04-15T14:16:00.000000000-04","Intraday 1Min",121.35,550065
"288","SPY",NA,"Market Price","2010-04-15T14:17:00.000000000-04","Intraday 1Min",121.37,55592
"289","SPY",NA,"Market Price","2010-04-15T14:18:00.000000000-04","Intraday 1Min",121.37,183754
"290","SPY",NA,"Market Price","2010-04-15T14:19:00.000000000-04","Intraday 1Min",121.39,180175
"291","SPY",NA,"Market Price","2010-04-15T14:20:00.000000000-04","Intraday 1Min",121.4,60415
"292","SPY",NA,"Market Price","2010-04-15T14:21:00.000000000-04","Intraday 1Min",121.43,281822
"293","SPY",NA,"Market Price","2010-04-15T14:22:00.000000000-04","Intraday 1Min",121.44,81191
"294","SPY",NA,"Market Price","2010-04-15T14:23:00.000000000-04","Intraday 1Min",121.45,84423
"295","SPY",NA,"Market Price","2010-04-15T14:24:00.000000000-04","Intraday 1Min",121.44,201642
"296","SPY",NA,"Market Price","2010-04-15T14:25:00.000000000-04","Intraday 1Min",121.42,211751
"297","SPY",NA,"Market Price","2010-04-15T14:26:00.000000000-04","Intraday 1Min",121.415,15510
"298","SPY",NA,"Market Price","2010-04-15T14:27:00.000000000-04","Intraday 1Min",121.43,638990
"299","SPY",NA,"Market Price","2010-04-15T14:28:00.000000000-04","Intraday 1Min",121.421,25181
"300","SPY",NA,"Market Price","2010-04-15T14:29:00.000000000-04","Intraday 1Min",121.42,141985
"301","SPY",NA,"Market Price","2010-04-15T14:30:00.000000000-04","Intraday 1Min",121.42,46674
"302","SPY",NA,"Market Price","2010-04-15T14:31:00.000000000-04","Intraday 1Min",121.45,142778
"303","SPY",NA,"Market Price","2010-04-15T14:32:00.000000000-04","Intraday 1Min",121.42,207533
"304","SPY",NA,"Market Price","2010-04-15T14:33:00.000000000-04","Intraday 1Min",121.425,14812
"305","SPY",NA,"Market Price","2010-04-15T14:34:00.000000000-04","Intraday 1Min",121.415001,49369
"306","SPY",NA,"Market Price","2010-04-15T14:35:00.000000000-04","Intraday 1Min",121.3922,195666
"307","SPY",NA,"Market Price","2010-04-15T14:36:00.000000000-04","Intraday 1Min",121.39,331906
"308","SPY",NA,"Market Price","2010-04-15T14:37:00.000000000-04","Intraday 1Min",121.37,63841
"309","SPY",NA,"Market Price","2010-04-15T14:38:00.000000000-04","Intraday 1Min",121.36,160533
"310","SPY",NA,"Market Price","2010-04-15T14:39:00.000000000-04","Intraday 1Min",121.37,285638
"311","SPY",NA,"Market Price","2010-04-15T14:40:00.000000000-04","Intraday 1Min",121.38,110829
"312","SPY",NA,"Market Price","2010-04-15T14:41:00.000000000-04","Intraday 1Min",121.38,208323
"313","SPY",NA,"Market Price","2010-04-15T14:42:00.000000000-04","Intraday 1Min",121.3618,112530
"314","SPY",NA,"Market Price","2010-04-15T14:43:00.000000000-04","Intraday 1Min",121.3601,29677
"315","SPY",NA,"Market Price","2010-04-15T14:44:00.000000000-04","Intraday 1Min",121.36,202139
"316","SPY",NA,"Market Price","2010-04-15T14:45:00.000000000-04","Intraday 1Min",121.39,232056
"317","SPY",NA,"Market Price","2010-04-15T14:46:00.000000000-04","Intraday 1Min",121.4,54041
"318","SPY",NA,"Market Price","2010-04-15T14:47:00.000000000-04","Intraday 1Min",121.42,28402
"319","SPY",NA,"Market Price","2010-04-15T14:48:00.000000000-04","Intraday 1Min",121.4284,541849
"320","SPY",NA,"Market Price","2010-04-15T14:49:00.000000000-04","Intraday 1Min",121.425,206781
"321","SPY",NA,"Market Price","2010-04-15T14:50:00.000000000-04","Intraday 1Min",121.43,78391
"322","SPY",NA,"Market Price","2010-04-15T14:51:00.000000000-04","Intraday 1Min",121.43,240301
"323","SPY",NA,"Market Price","2010-04-15T14:52:00.000000000-04","Intraday 1Min",121.425,104700
"324","SPY",NA,"Market Price","2010-04-15T14:53:00.000000000-04","Intraday 1Min",121.48,399861
"325","SPY",NA,"Market Price","2010-04-15T14:54:00.000000000-04","Intraday 1Min",121.47,538252
"326","SPY",NA,"Market Price","2010-04-15T14:55:00.000000000-04","Intraday 1Min",121.47,670263
"327","SPY",NA,"Market Price","2010-04-15T14:56:00.000000000-04","Intraday 1Min",121.47,71381
"328","SPY",NA,"Market Price","2010-04-15T14:57:00.000000000-04","Intraday 1Min",121.4603,247175
"329","SPY",NA,"Market Price","2010-04-15T14:58:00.000000000-04","Intraday 1Min",121.47,546900
"330","SPY",NA,"Market Price","2010-04-15T14:59:00.000000000-04","Intraday 1Min",121.49,119647
"331","SPY",NA,"Market Price","2010-04-15T15:00:00.000000000-04","Intraday 1Min",121.48,318038
"332","SPY",NA,"Market Price","2010-04-15T15:01:00.000000000-04","Intraday 1Min",121.43,317448
"333","SPY",NA,"Market Price","2010-04-15T15:02:00.000000000-04","Intraday 1Min",121.41,548882
"334","SPY",NA,"Market Price","2010-04-15T15:03:00.000000000-04","Intraday 1Min",121.39,218320
"335","SPY",NA,"Market Price","2010-04-15T15:04:00.000000000-04","Intraday 1Min",121.36,72609
"336","SPY",NA,"Market Price","2010-04-15T15:05:00.000000000-04","Intraday 1Min",121.39,218525
"337","SPY",NA,"Market Price","2010-04-15T15:06:00.000000000-04","Intraday 1Min",121.4,221993
"338","SPY",NA,"Market Price","2010-04-15T15:07:00.000000000-04","Intraday 1Min",121.395,97442
"339","SPY",NA,"Market Price","2010-04-15T15:08:00.000000000-04","Intraday 1Min",121.4,87566
"340","SPY",NA,"Market Price","2010-04-15T15:09:00.000000000-04","Intraday 1Min",121.4,48549
"341","SPY",NA,"Market Price","2010-04-15T15:10:00.000000000-04","Intraday 1Min",121.4,173790
"342","SPY",NA,"Market Price","2010-04-15T15:11:00.000000000-04","Intraday 1Min",121.435,103101
"343","SPY",NA,"Market Price","2010-04-15T15:12:00.000000000-04","Intraday 1Min",121.43,222192
"344","SPY",NA,"Market Price","2010-04-15T15:13:00.000000000-04","Intraday 1Min",121.415,133779
"345","SPY",NA,"Market Price","2010-04-15T15:14:00.000000000-04","Intraday 1Min",121.3301,556326
"346","SPY",NA,"Market Price","2010-04-15T15:15:00.000000000-04","Intraday 1Min",121.364998,197916
"347","SPY",NA,"Market Price","2010-04-15T15:16:00.000000000-04","Intraday 1Min",121.38,99033
"348","SPY",NA,"Market Price","2010-04-15T15:17:00.000000000-04","Intraday 1Min",121.4,279323
"349","SPY",NA,"Market Price","2010-04-15T15:18:00.000000000-04","Intraday 1Min",121.39,295742
"350","SPY",NA,"Market Price","2010-04-15T15:19:00.000000000-04","Intraday 1Min",121.38,238574
"351","SPY",NA,"Market Price","2010-04-15T15:20:00.000000000-04","Intraday 1Min",121.39,14858
"352","SPY",NA,"Market Price","2010-04-15T15:21:00.000000000-04","Intraday 1Min",121.37,273017
"353","SPY",NA,"Market Price","2010-04-15T15:22:00.000000000-04","Intraday 1Min",121.37,189255
"354","SPY",NA,"Market Price","2010-04-15T15:23:00.000000000-04","Intraday 1Min",121.36,145236
"355","SPY",NA,"Market Price","2010-04-15T15:24:00.000000000-04","Intraday 1Min",121.31,717759
"356","SPY",NA,"Market Price","2010-04-15T15:25:00.000000000-04","Intraday 1Min",121.31,360464
"357","SPY",NA,"Market Price","2010-04-15T15:26:00.000000000-04","Intraday 1Min",121.31,114397
"358","SPY",NA,"Market Price","2010-04-15T15:27:00.000000000-04","Intraday 1Min",121.28,456140
"359","SPY",NA,"Market Price","2010-04-15T15:28:00.000000000-04","Intraday 1Min",121.25,1676747
"360","SPY",NA,"Market Price","2010-04-15T15:29:00.000000000-04","Intraday 1Min",121.214996,477702
"361","SPY",NA,"Market Price","2010-04-15T15:30:00.000000000-04","Intraday 1Min",121.25,380933
"362","SPY",NA,"Market Price","2010-04-15T15:31:00.000000000-04","Intraday 1Min",121.22,234928
"363","SPY",NA,"Market Price","2010-04-15T15:32:00.000000000-04","Intraday 1Min",121.1601,590546
"364","SPY",NA,"Market Price","2010-04-15T15:33:00.000000000-04","Intraday 1Min",121.14,451471
"365","SPY",NA,"Market Price","2010-04-15T15:34:00.000000000-04","Intraday 1Min",121.15,674911
"366","SPY",NA,"Market Price","2010-04-15T15:35:00.000000000-04","Intraday 1Min",121.17,490776
"367","SPY",NA,"Market Price","2010-04-15T15:36:00.000000000-04","Intraday 1Min",121.15,763727
"368","SPY",NA,"Market Price","2010-04-15T15:37:00.000000000-04","Intraday 1Min",121.18,203221
"369","SPY",NA,"Market Price","2010-04-15T15:38:00.000000000-04","Intraday 1Min",121.1291,545594
"370","SPY",NA,"Market Price","2010-04-15T15:39:00.000000000-04","Intraday 1Min",121.1,578772
"371","SPY",NA,"Market Price","2010-04-15T15:40:00.000000000-04","Intraday 1Min",121.15,742239
"372","SPY",NA,"Market Price","2010-04-15T15:41:00.000000000-04","Intraday 1Min",121.18,827007
"373","SPY",NA,"Market Price","2010-04-15T15:42:00.000000000-04","Intraday 1Min",121.2,218844
"374","SPY",NA,"Market Price","2010-04-15T15:43:00.000000000-04","Intraday 1Min",121.209999,408238
"375","SPY",NA,"Market Price","2010-04-15T15:44:00.000000000-04","Intraday 1Min",121.19,370797
"376","SPY",NA,"Market Price","2010-04-15T15:45:00.000000000-04","Intraday 1Min",121.16,580014
"377","SPY",NA,"Market Price","2010-04-15T15:46:00.000000000-04","Intraday 1Min",121.15,495116
"378","SPY",NA,"Market Price","2010-04-15T15:47:00.000000000-04","Intraday 1Min",121.21,766933
"379","SPY",NA,"Market Price","2010-04-15T15:48:00.000000000-04","Intraday 1Min",121.28,767865
"380","SPY",NA,"Market Price","2010-04-15T15:49:00.000000000-04","Intraday 1Min",121.31,1147373
"381","SPY",NA,"Market Price","2010-04-15T15:50:00.000000000-04","Intraday 1Min",121.29,367623
"382","SPY",NA,"Market Price","2010-04-15T15:51:00.000000000-04","Intraday 1Min",121.28,172308
"383","SPY",NA,"Market Price","2010-04-15T15:52:00.000000000-04","Intraday 1Min",121.26,665278
"384","SPY",NA,"Market Price","2010-04-15T15:53:00.000000000-04","Intraday 1Min",121.29,702726
"385","SPY",NA,"Market Price","2010-04-15T15:54:00.000000000-04","Intraday 1Min",121.295,729898
"386","SPY",NA,"Market Price","2010-04-15T15:55:00.000000000-04","Intraday 1Min",121.309998,449010
"387","SPY",NA,"Market Price","2010-04-15T15:56:00.000000000-04","Intraday 1Min",121.29,600412
"388","SPY",NA,"Market Price","2010-04-15T15:57:00.000000000-04","Intraday 1Min",121.29,767432
"389","SPY",NA,"Market Price","2010-04-15T15:58:00.000000000-04","Intraday 1Min",121.2903,564694
"390","SPY",NA,"Market Price","2010-04-15T15:59:00.000000000-04","Intraday 1Min",121.31,2277401
